메뉴,작업자,대분류,중분류(재료1),중분류2(재료2),중분류3(재료3),중분류4(재료4),중분류5(재료5),소분류1(육류 종류만 기재),양식(western) 여부,,,,,
치킨까스*소스,김도민,튀김류,어패류,난류,양념 및 장류,,,,,,,,,
연두부*장,김도민,단품류,두류,양념 및 장류,,,,,,,,,,
*자기계발의날*,김도민,,,,,,,,,,,,,
상추*양념장,김도민,샐러드류,채소류,,,,,,,,,,,
새송이버섯전,김도민,전류,채소류,난류,,,,,,,,,,
소고기숙주볶음,김도민,볶음류,육류,채소류,,,,소,,,,,,
만두국,김도민,국탕류,만두류,,,,,,,,,,,
소보루빵,김도민,빵과자류,난류,,,,,,,,,,,
마늘쫑건새우,김도민,볶음류,어패류,채소류,,,,,,,,,,
새송이버섯곤약장조림,김도민,조림류,채소류,묵류,,,,,,,,,,
얼갈이된장국,김도민,국탕류,채소류,양념 및 장류,,,,,,,,,,
시금치흑임자샐러드,김도민,샐러드류,채소류,양념 및 장류,,,,,,,,,,
맑은장국,김도민,국탕류,양념 및 장류,,,,,,,,,,,...
베이컨샌드,김도민,빵과자류,육류,곡류,채소류,,,돼지,,,,,,0
소고기국,김도민,국탕류,육류,채소류,,,,소,,,,,,
건새우무국,김도민,국탕류,어패류,채소류,,,,,,,,,,
미트볼조림,김도민,조림류,육류,,,,,소,돼지,,,,,
돈까스김밥,김도민,김(초)밥류,육류,곡류,해조류,난류,,돼지,,,,,,
홍합살무국,김도민,국탕류,채소류,어패류,,,,,,,,,,
쇠고기모둠장조림,김도민,조림류,육류,,,,,소,,,,,,
매운어묵볶음,김도민,볶음류,어패류,채소류,,,,,,,,,,
짬뽕불고기,김도민,국수류,육류,어패류,채소류,,,소,,,,,,
뉴욕핫도그,김도민,빵과자류,육류,채소류,곡류,,,돼지,,,,,,
사과오이냉국,김도민,국탕류,과일류,채소류,해조류,,,,,,,,,
황태국,김도민,국탕류,어패류,채소류,,,,,,,,,,
떡갈비주먹밥,김도민,김(초)밥류,육류,곡류,,,,돼지,,,,,,
오징어초무침,김도민,무침류,어패류,채소류,,,,,,,,,,
어묵고추장볶음,김도민,볶음류,어패류,양념 및 장류,,,,,,,,,,
삼치튀김*데리야끼,김도민,튀김류,어패류,난류,,,,,,,,,,
크로크무슈,김도민,빵과자류,곡류,난류,,,,,,,,,,
진미채오이무침,김도민,무침류,어패류,채소류,,,,,,,,,,
새송이볶음,김도민,볶음류,채소류,,,,,,,,,,,
백종원의사라다빵,김도민,빵과자류,채소류,난류,곡류,,,,,,,,,
오이보트샐러드,김도민,샐러드류,채소류,난류,,,,,,,,,,
오징어땅콩조림,김도민,조림류,어패류,곡류,,,,,,,,,,
브로컬리새우전,김도민,전류,채소류,어패류,난류,곡류,,,,,,,,
냉이바지락국,김도민,국탕류,채소류,어패류,,,,,,,,,,
가쓰오장국,김도민,국탕류,어패류,양념 및 장류,,,,,,,,,,
웨지감자,김도민,튀김류,채소류,곡류,,,,,,,,,,
고추장찌개,김도민,찌개류,양념 및 장류,채소류,,,,,,,,,,
추가밥,김도민,밥류,곡류,,,,,,,,,,,
꽁치한마리구이*와사비장,김도민,구이류,어패류,양념 및 장류,,,,,,,,,,
멸치주먹밥,김도민,김(초)밥류,어패류,곡류,,,,,,,,,,
단호박범벅,김도민,죽류,채소류,,,,,,,,,,,
국물떡볶이,김도민,조림류,어패류,곡류,양념 및 장류,채소류,,,,,,,,
어묵토마토조림,김도민,조림류,어패류,채소류,,,,,,,,,,
*도시락김,김도민,단품류,해조류,,,,,,,,,,,
샤워크림새우,김도민,튀김류,어패류,곡류,난류,,,,,,,,,
골뱅이무침&소면,김도민,국수류,어패류,채소류,양념 및 장류,,,,,,,,,
열무김치,김도민,김치류,채소류,,,,,,,,,,,
허니버터옥수수,김도민,단품류,곡류,,,,,,,,,,,
치킨샐러드,김도민,샐러드류,육류,채소류,,,,닭,,,,,,
채소볶음밥&자장소스,김도민,밥류,육류,채소류,곡류,양념 및 장류,,돼지,,,,,,
또띠아피자,김도민,빵과자류,곡류,난류,채소류,,,,,,,,,
해물누룽지탕,김도민,국탕류,어패류,곡류,난류,,,,,,,,,
고구마스프,김도민,국탕류,채소류,,,,,,,,,,,
핫케익,김도민,빵과자류,곡류,난류,,,,,,,,,,
갈치무조림,김도민,조림류,어패류,채소류,양념 및 장류,,,,,,,,,
요플레,김도민,유제품,과일류,,,,,,,,,,,
장어강정,김도민,튀김류,어패류,,,,,,,,,,,
두부구이,김도민,구이류,두류,,,,,,,,,,,
꼬시래기무침,김도민,무침류,해조류,,,,,,,,,,,
대구매운탕,김도민,국탕류,어패류,채소류,양념 및 장류,,,,,,,,,
순두부계란국,김도민,국탕류,두류,난류,,,,,,,,,,
선지해장국,김도민,국탕류,양념 및 장류,,,,,,,,,,,
유산슬덮밥,김도민,밥류,육류,어패류,,,,,,,,,,
치킨까스*데미소스,김도민,튀김류,육류,곡류,난류,,,닭,,,,,,
옥수수감자범벅,김도민,샐러드류,곡류,채소류,,,,,,,,,,
꽈리고추어묵볶음,김도민,볶음류,채소류,어패류,,,,,,,,,,
피클,김도민,단품류,채소류,,,,,,,,,,,
묵은지닭볶음탕,김도민,탕류,육류,김치류,,,,닭,,,,,,
숙주미나리무침,김도민,무침류,채소류,,,,,,,,,,,
고구마샐러드,김도민,샐러드류,채소류,,,,,,,,,,,
크래미숙주무침,김도민,무침류,해산물,채소류,,,,,,,,,,
우거지올갱이국,김도민,국탕류,채소류,어패류,,,,,,,,,,
진미채무침,김도민,무침류,어패류,,,,,,,,,,,
고추튀김,김도민,튀김류,채소류,,,,,,,,,,,
쇠고기두부찜,김도민,찜류,육류,채소류,,,,소고기,,,,,,
호박부추전,김도민,전류,채소류,,,,,,,,,,,
오이나물볶음,김도민,볶음류,채소류,,,,,,,,,,,
닭살겨자냉채,김도민,무침류,육류,채소류,,,,,,,,,,
건도토리묵파프리카볶음,김도민,볶음류,묵류,채소류,,,,,,,,,,
무쌈말이,김도민,장아찌류,채소류,,,,,,,,,,,
순두부백탕*양념장,김도민,국탕류,두류,,,,,,,,,,,
양상추샐러드*유자D,김도민,샐러드류,채소류,,,,,,,,,,,
햄에그샌드위치,김도민,빵과자류,육류,난류,,,,돼지고기,,,,,,
스팸계란말이,김도민,단품류,육류,난류,,,,돼지고기,,,,,,
꼬마김밥*겨자장,김도민,밥류,채소류,,,,,,,,,,,
햄맛살볶음,김도민,볶음류,육류,어패류,,,,돼지고기,,,,,,
찐만두,김도민,단품류,육류,채소류,,,,돼지고기,,,,,,
두부브로컬리무침,김도민,무침류,두류,채소류,,,,,,,,,,
매운쇠고기국,김도민,국탕류,육류,,,,,소고기,,,,,,
열무김치볶음,김도민,볶음류,채소류,,,,,,,,,,,
무청된장국,김도민,국탕류,채소류,,,,,,,,,,,
메밀국수,김도민,국수류,곡류,,,,,,,,,,,
옹심이감자국,김도민,국탕류,채소류,,,,,,,,,,,
얼큰낙지죽,김도민,죽류,어패류,곡류,,,,,,,,,,
햄치즈샌드,김도민,빵과자류,육류,난류,,,,돼지고기,,,,,,
깻잎순볶음,김도민,볶음류,채소류,,,,,,,,,,,
오징어순대,김도민,찜류,어패류,,,,,,,,,,,
브로컬리된장무침,김도민,무침류,채소류,양념 및 장류,,,,,,,,,,
들깨미역국,김도민,국탕류,해조류,,,,,,,,,,,
흑임자시금치샐러드,김도민,샐러드류,채소류,,,,,,,,,,,
언양식바싹불고기,김도민,볶음류,육류,,,,,소고기,,,,,,
매운족발볶음,김도민,볶음류,육류,,,,,돼지고기,,,,,,
마늘쫑건새우볶음,김도민,볶음류,채소류,어패류,,,,,,,,,,
돈육굴소스볶음,김도민,볶음류,육류,,,,,돼지고기,,,,,,
호박채나물,김도민,무침류,채소류,,,,,,,,,,,
부대찌개,김도민,찌개류,육류,난류,,,,돼지고기,,,,,,
감자샐러드,김도민,샐러드류,채소류,,,,,,,,,,,
명태조림,김도민,조림류,어패류,,,,,,,,,,,
해물누룽지,김도민,죽류,어패류,곡류,,,,,,,,,,
옥수수계란찜,김도민,찜류,난류,채소류,,,,,,,,,,
양상추샐러드*바나나드레싱,김도민,샐러드류,채소류,,,,,,,,,,,
가자미찜,김도민,찜류,어패류,,,,,,,,,,,
쇠고기탕수,김도민,튀김류,육류,,,,,소고기,,,,,,
김치국,김도민,국탕류,채소류,,,,,,,,,,,
쇠고기들깨소스무침,김도민,무침류,김치류,,,,,,,,,,,
두부카프레제,김도민,샐러드류,두류,과일류,,,,,,,,,,
오렌지쥬스,김도민,음료 및 주류,과일류,,,,,,,,,,,
배추흑임자무침,김도민,무침류,채소류,,,,,,,,,,,
베이컨볶음밥,김도민,비빔밥볶음밥류,육류,곡류,,,,돼지고기,,,,,,
메추리알조림,김도민,조림류,난류,,,,,,,,,,,
수제돈가스,김도민,튀김류,육류,,,,,돼지고기,,,,,,
꽁치구이*와사비장,김도민,구이류,어패류,양념 및 장류,,,,,,,,,,
연두부찌개,김도민,찌개류,두류,,,,,,,,,,,
겨울초나물,김도민,무침류,채소류,,,,,,,,,,,
황태양념구이,김도민,구이류,어패류,,,,,,,,,,,
스팸김치찌개,김도민,찌개류,육류,김치류,,,,돼지고기,,,,,,
로제스파게티,김도민,국수류,면류,,,,,,,,,,,
브로컬리오징어숙회,김도민,찜류,채소류,어패류,,,,,,,,,,
김말이강정,김도민,튀김류,해조류,채소류,,,,,,,,,,
쑥국,김도민,국탕류,채소류,,,,,,,,,,,
닭볶음,김도민,볶음류,육류,채소류,,,,닭,,,,,,
애호박볶음,김도민,볶음류,채소류,,,,,,,,,,,
오징어불고기,김도민,볶음류,육류,어패류,채소류,,,돼지,,,,,,
꿀호떡,김도민,빵과자류,곡류,난류,,,,,,,,,,
연두부샐러드*소스,김도민,샐러드류,두류,채소류,양념 및 장류,,,,,,,,,
검정콩조림,김도민,조림류,두류,,,,,,,,,,,
순대채소볶음,김도민,볶음류,채소류,,,,,,,,,,,
참나물땅콩무침,김도민,무침류,채소류,두류,,,,,,,,,,
팽이버섯국,김도민,국탕류,채소류,,,,,,,,,,,
두반장가지볶음,김도민,볶음류,양념 및 장류,채소류,,,,,,,,,,
시래기들깨탕,김도민,국탕류,채소류,곡류,,,,,,,,,,
베이비샐러드*석류D,김도민,샐러드류,채소류,과일류,,,,,,,,,,
견과류조림,김도민,조림류,두류,곡류,,,,,,,,,,
야채호빵,김도민,빵과자류,채소류,곡류,난류,,,,,,,,,
깻잎전,김도민,전류,채소류,곡류,난류,,,,,,,,,
채소죽,김도민,죽류,채소류,곡류,,,,,,,,,,
과일플레인샐러드,김도민,샐러드류,과일류,채소류,양념 및 장류,,,,,,,,,
계란떡볶이,김도민,볶음류,난류,곡류,양념 및 장류,,,,,,,,,
수제칠리핫도그,김도민,빵과자류,육류,곡류,난류,양념 및 장류,,돼지,,,,,,
부대찌개&쫄면사리,김도민,찌개류,육류,채소류,곡류,양념 및 장류,,돼지,소,,,,,
들깨버섯국,김도민,국탕류,곡류,채소류,,,,,,,,,,
꼬시래기초무침,김도민,무침류,해조류,양념 및 장류,,,,,,,,,,
쇠고기가지조림,김도민,조림류,육류,채소류,,,,소,,,,,,
군만두,김도민,튀김류,육류,채소류,곡류,,,돼지,,,,,,
쫄면,김도민,국수류,곡류,채소류,양념 및 장류,,,,,,,,,
우동국물,김도민,국탕류,어패류,,,,,,,,,,,
생선까스*탈탈소스,김도민,튀김류,어패류,난류,곡류,양념 및 장류,,,,,,,,
김치도토리묵무침,김도민,무침류,김치류,묵류,채소류,,,,,,,,,
미역소고기죽,김도민,죽류,육류,해조류,곡류,,,,,,,,,
수제마늘바게트,김도민,빵과자류,채소류,곡류,난류,,,,,,,,,
멸치고추장볶음,김도민,볶음류,어패류,양념 및 장류,,,,,,,,,,
마늘바게트,김도민,빵과자류,채소류,곡류,난류,,,,,,,,,
시금치초무침,김도민,무침류,채소류,,,,,,,,,,,
브로콜리맛살볶음,김도민,볶음류,어패류,채소류,,,,,,,,,,
사각어묵볶음,김도민,볶음류,어패류,채소류,,,,,,,,,,
메론빵,김도민,빵과자류,곡류,난류,,,,,,,,,,
짬뽕수제비국,김도민,국탕류,어패류,채소류,곡류,,,,,,,,,
꽃맛살샐러드,김도민,샐러드류,어패류,채소류,,,,,,,,,,
오징어국,김도민,국탕류,어패류,채소류,,,,,,,,,,
연근샐러드,김도민,샐러드류,채소류,,,,,,,,,,,
고구마파이,김도민,빵과자류,곡류,난류,,,,,,,,,,
얼갈이국,김도민,국탕류,채소류,두류,,,,,,,,,,
섬초무침,김도민,무침류,채소류,,,,,,,,,,,
애호박새우젓볶음,김도민,볶음류,채소류,어패류,양념 및 장류,,,,,,,,,
날치알계란찜,김도민,찜류,어패류,난류,,,,,,,,,,
고추장불고기,김도민,볶음류,육류,채소류,양념 및 장류,,,돼지,,,,,,
미나리나물,김도민,무침류,채소류,,,,,,,,,,,
해물까스&타르타르소스,김도민,튀김류,어패류,곡류,난류,양념 및 장류,,,,,,,,
봄동나물,김도민,무침류,채소류,,,,,,,,,,,
모듬어묵탕,김도민,국탕류,어패류,채소류,,,,,,,,,,
마늘쫑건새우무침,김도민,무침류,채소류,어패류,,,,,,,,,,
계란야채말이,김도민,찜류,난류,채소류,,,,,,,,,,
새송이너비아니구이,김도민,구이류,육류,채소류,,,,돼지,,,,,,
오징어젓갈무침,김도민,무침류,어패류,양념 및 장류,,,,,,,,,,
등뼈김치찜,김도민,찜류,육류,김치류,,,,돼지,,,,,,
연근,김도민,조림류,채소류,,,,,,,,,,,
사골옹심이만둣국,김도민,국탕류,만두류,곡류,,,,돼지,,,,,,
양파절임,김도민,장아찌류,채소류,,,,,,,,,,,
김밥,김도민,김(초)밥류,육류,해조류,채소류,,,돼지,,,,,,
해물부추전,김도민,전류,곡류,난류,어패류,채소류,,,,,,,,
카스테라,김도민,빵과자류,곡류,난류,,,,,,,,,,
게살모닝샌드위치,김도민,빵과자류,어패류,난류,곡류,채소류,,,,,,,,
옹심이만두떡국,김도민,국탕류,만두류,떡류,곡류,채소류,,,,,,,,
코다리조림,김도민,조림류,어패류,채소류,양념 및 장류,,,,,,,,,
맑은만두국,김도민,국탕류,만두류,채소류,,,,,,,,,,
삼치조림,김도민,조림류,어패류,채소류,양념 및 장류,,,,,,,,,
얼큰순두부찌개,김도민,찌개류,두류,채소류,,,,,,,,,,
채소새우죽,김도민,죽류,채소류,어패류,,,,,,,,,,
구운계란,김도민,구이류,난류,,,,,,,,,,,
군대리아,김도민,빵과자류,육류,채소류,난류,곡류,,돼지,,,,,,
스콘,김도민,빵과자류,곡류,난류,,,,,,,,,,
맑은버섯닭개장,김도민,국탕류,육류,채소류,,,,닭,,,,,,
무말랭이,김도민,무침류,채소류,,,,,,,,,,,
취나물땅콩무침,김도민,무침류,채소류,두류,,,,,,,,,,
장각닭죽,김도민,죽류,육류,채소류,,,,닭,,,,,,
짬뽕국,김도민,국탕류,어패류,채소류,,,,,,,,,,
깐쇼새우,김도민,튀김류,어패류,곡류,난류,,,,,,,,,
떡국,김도민,국탕류,곡류,난류,채소류,,,,,,,,,
수제핫도그,김도민,빵과자류,육류,곡류,난류,,,돼지,,,,,,
볶음밥&짜장소스,김도민,비빔밥볶음밥류,육류,곡류,난류,체소류,,돼지,,,,,,
고추튀김*장,김도민,튀김류,채소류,곡류,난류,양념 및 장류,,,,,,,,
해초배무침,김도민,무침류,해조류,과일류,,,,,,,,,,
해물까스*탈탈소스,김도민,튀김류,어패류,곡류,난류,양념 및 장류,,,,,,,,
동전쥐포무침,김도민,무침류,어패류,,,,,,,,,,,
옛날돈가스,김도민,튀김류,육류,곡류,난류,,,돼지,,,,,,
삼선짬뽕국*칼국수,김도민,국탕류,어패류,채소류,면류,,,,,,,,,
마늘쫑메추리알장조림,김도민,조림류,채소류,난류,,,,,,,,,,
호박채볶음,김도민,볶음류,채소류,,,,,,,,,,,
김치볶음밥,김도민,밥류,육류,김치류,곡류,,,돼지,,,,,,
소고기퀘사디아,김도민,빵과자류,육류,채소류,곡류,,,소,,,,,,
계란말이,김도민,구이류,난류,,,,,,,,,,,
어묵매운탕,김도민,국탕류,어패류,채소류,,,,,,,,,,
청경채김치,김도민,무침류,김치류,채소류,,,,,,,,,,
모둠소시지구이,김도민,구이류,육류,채소류,,,,돼지,,,,,,
우엉채조림,김도민,조림류,채소류,,,,,,,,,,,
베이컨맥모닝,김도민,빵과자류,육류,채소류,난류,,,돼지,,,,,,
딸기드레싱샐러드,김도민,샐러드류,채소류,과일류,,,,,,,,,,
매운버섯국,김도민,국탕류,채소류,,,,,,,,,,,
짬뽕수제비,김도민,국탕류,어패류,곡류,채소류,,,,,,,,,
낙지젓무침,김도민,무침류,어패류,양념 및 장류,,,,,,,,,,
더덕고추장불고기,김도민,구이류,육류,채소류,,,,돼지,,,,,,
미트볼파스타*추가밥,김도민,국수류,육류,면류,채소류,,,돼지,,,,,,
낙지비빔밥,김도민,비빔밥볶음밥류,어패류,채소류,곡류,,,,,,,,,
꼬들단무지,김도민,장아찌류,채소류,,,,,,,,,,,
가자미튀김,김도민,튀김류,어패류,곡류,난류,,,,,,,,,
느타리버섯볶음,김도민,볶음류,채소류,,,,,,,,,,,
감자맛살볶음,김도민,볶음류,채소류,어패류,,,,,,,,,,
애호박새우젓국,김도민,국탕류,채소류,양념 및 장류,,,,,,,,,,
계란김밥,김도민,김(초)밥류,난류,해조류,곡류,,,,,,,,,
물파래무침,김도민,무침류,해조류,,,,,,,,,,,
삼치구이*데리야끼소스,김도민,구이류,어패류,양념 및 장류,난류,곡류,,,,,,,,
어떡햄,김도민,구이류,육류,떡류,,,,돼지,,,,,,
미트볼채소볶음,김도민,볶음류,육류,채소류,,,,돼지,,,,,,
김주먹밥,김도민,김(초)밥류,해조류,곡류,,,,,,,,,,
치즈함박스테이크,김도민,구이류,육류,양념 및 장류,,,,돼지,,,,,,
꼬막채소무침,김도민,무침류,어패류,채소류,양념 및 장류,,,,,,,,,
알타리김치,김도민,김치류,김치류,,,,,,,,,,,
참나물생채무침,김도민,무침류,채소류,,,,,,,,,,,
치커리깨소스무침,김도민,무침류,채소류,곡류,,,,,,,,,,
돈육고추장볶음,김도민,볶음류,육류,양념 및 장류,채소류,,,돼지,,,,,,
아욱된장국,김도민,국탕류,채소류,양념 및 장류,,,,,,,,,,
두부구이*양념,김도민,구이류,두류,양념 및 장류,,,,,,,,,,
와플,김도민,빵과자류,곡류,난류,,,,,,,,,,
표고버섯죽,김도민,죽류,채소류,곡류,,,,,,,,,,
돌나물유자청무침,김도민,무침류,채소류,과일류,,,,,,,,,,
등뼈묵은지찜,김도민,찜류,육류,김치류,,,,돼지,,,,,,
크림스프,김도민,국탕류,곡류,,,,,,,,,,,
와플&생크림,김도민,빵과자류,곡류,난류,,,,,,,,,,
삼겹살야채비빔면,김도민,국수류,육류,채소류,양념 및 장류,면류,,돼지,,,,,,
돼지국밥,김도민,덮밥국밥류,육류,곡류,,,,돼지,,,,,,
주꾸미채소볶음,김도민,볶음류,어패류,채소류,양념 및 장류,,,,,,,,,
감자국,김도민,국탕류,채소류,,,,,,,,,,,
브로콜리감자볶음,김도민,볶음류,채소류,,,,,,,,,,,
절편,김도민,단품류,떡류,,,,,,,,,,,
돈육김치찌개,김도민,찌개류,육류,김치류,,,,돼지,,,,,,
크림롤케익,김도민,빵과자류,곡류,난류,,,,,,,,,,
꽃맛살볶음,김도민,볶음류,어패류,채소류,,,,,,,,,,
앙버터모닝빵,김도민,빵과자류,곡류,난류,,,,,,,,,,
매실쥬스,김도민,음료 및 주류,과일류,,,,,,,,,,,
청포도피클,김도민,장아찌류,과일류,,,,,,,,,,,
실곤약초무침,김도민,무침류,묵류,,,,,,,,,,,
도라지오이초무침,김도민,무침류,채소류,,,,,,,,,,,
시금치국,김도민,국탕류,채소류,양념 및 장류,,,,,,,,,,
유부초밥,김도민,김(초)밥류,곡류,,,,,,,,,,,
채소쌈*쌈장,김도민,샐러드류,채소류,양념 및 장류,,,,,,,,,,
곤약어묵볶음,김도민,볶음류,어패류,묵류,,,,,,,,,,
콘치즈구이,김도민,구이류,곡류,,,,,,,,,,,
계란후라이,김도민,구이류,난류,,,,,,,,,,,
풋고추,김도민,샐러드류,채소류,,,,,,,,,,,
찐빵,김도민,빵과자류,난류,곡류,,,,,,,,,,
부추무침,김도민,무침류,채소류,,,,,,,,,,,
쨔샤이무침,김도민,무침류,채소류,,,,,,,,,,,
단호박조림,김도민,조림류,채소류,,,,,,,,,,,
미니국수,김도민,국수류,면류,채소류,,,,,,,,,,
무나물들깨볶음,김도민,볶음류,채소류,곡류,,,,,,,,,,
오이맛살무침,김도민,무침류,채소류,어패류,,,,,,,,,,
참나물,김도민,무침류,채소류,,,,,,,,,,,
초코핫케익,김도민,빵과자류,난류,곡류,,,,,,,,,,
소고기주먹밥,김도민,김(초)밥류,육류,,,,,소,,,,,,
미더덕콩나물찜,김도민,찜류,어패류,채소류,,,,,,,,,,
케찹,김도민,단품류,양념 및 장류,,,,,,,,,,,
가자미양념찜,김도민,찜류,어패류,양념 및 장류,,,,,,,,,,
매운돼지갈비찜,김도민,찜류,육류,채소류,양념 및 장류,,,돼지,,,,,,
단팥빵,김도민,빵과자류,곡류,난류,,,,,,,,,,
낙지미나리볶음,김도민,볶음류,어패류,채소류,양념 및 장류,,,,,,,,,
두부계란구이,김도민,구이류,두류,난류,,,,,,,,,,
돈육씨앗강정,김도민,튀김류,육류,두류,난류,곡류,,돼지,,,,,,
가지양파무침,김도민,무침류,채소류,,,,,,,,,,,
쇠미역쌈*강된장,김도민,샐러드류,해조류,양념 및 장류,,,,,,,,,,
에그단호박샌드,김도민,빵과자류,난류,채소류,난류,곡류,,,,,,,,
순두부탕,김도민,국탕류,두류,채소류,,,,,,,,,,
도라지무침,김도민,무침류,채소류,양념 및 장류,,,,,,,,,,
삼겹살김치볶음,김도민,볶음류,육류,김치류,채소류,,,돼지,,,,,,
사과오이생채,김도민,무침류,과일류,채소류,,,,,,,,,,
진미채간장조림,김도민,조림류,어패류,,,,,,,,,,,
간장치킨,김도민,튀김류,육류,곡류,,,,,,,,,,
김치수제비국,김도민,국탕류,김치류,곡류,채소류,,,,,,,,,
보리누룽지탕,김도민,국탕류,곡류,,,,,,,,,,,
늙은호박죽,김도민,죽류,채소류,,,,,,,,,,,
새우볶음밥,김도민,밥류,어패류,곡류,,,,,,,,,,
파래김*달래양념장,김도민,밥류,해조류,양념 및 장류,채소류,,,,,,,,,
김치우동,김도민,국수류,면류,김치류,,,,,,,,,,
마늘간장치킨,김도민,튀김류,육류,양념 및 장류,,,,닭,,,,,,
돌나물오이무침,김도민,무침류,채소류,양념 및 장류,,,,,,,,,,
소고기메추리알장조림,김도민,조림류,육류,난류,양념 및 장류,,,소,,,,,,
쌈추전*간장,김도민,전류,난류,곡류,채소류,양념 및 장류,,,,,,,,
매운콩나물무침,김도민,무침류,채소류,양념 및 장류,,,,,,,,,,
쭈꾸미불고기,김도민,볶음류,육류,어패류,양념 및 장류,,,돼지,,,,,,
민물새우찌깨,김도민,찌개류,어패류,,,,,,,,,,,
주꾸미초무침,김도민,무침류,어패류,채소류,,,,,,,,,,
샐러리샐러드,김도민,샐러드류,채소류,,,,,,,,,,,
느타리호박볶음,김도민,볶음류,채소류,,,,,,,,,,,
임연수찜,김도민,찜류,어패류,,,,,,,,,,,
청경채나물,김도민,무침류,채소류,,,,,,,,,,,
주꾸미볶음,김도민,볶음류,어패류,양념 및 장류,채소류,,,,,,,,,
촉촉한치즈케익,김도민,빵과자류,난류,곡류,,,,,,,,,,
버섯굴죽,김도민,죽류,채소류,어패류,,,,,,,,,,
아삭이고추무절임,김도민,장아찌류,채소류,,,,,,,,,,,
그린샐러드,김도민,샐러드류,채소류,,,,,,,,,,,
미트볼피망볶음,김도민,볶음류,육류,채소류,,,,돼지,,,,,,
섭산적표고굴소스볶음,김도민,볶음류,육류,채소류,어패류,양념 및 장류,두류,소,,,,,,
사과파이,김도민,빵과자류,난류,곡류,,,,,,,,,,
건포도머핀,김도민,빵과자류,난류,곡류,,,,,,,,,,
건새우마늘쫑볶음,김도민,볶음류,어패류,채소류,,,,,,,,,,
사과푸딩,김도민,유제품,과일류,,,,,,,,,,,
바지락죽,김도민,죽류,어패류,곡류,,,,,,,,,,
꼬지어묵국,김도민,국탕류,묵류,어패류,,,,,,,,,,
샐러드김밥,김도민,밥류,채소류,곡류,,,,,,,,,,
미역레몬초무침,김도민,무침류,해조류,과일류,,,,,,,,,,
새송이버섯볶음,김도민,볶음류,채소류,,,,,,,,,,,
닭칼국수,김도민,국탕류,육류,면류,,,,닭,,,,,,
모듬묵*양념장,김도민,단품류,묵류,양념 및 장류,,,,,,,,,,
고기완자전&케찹,김도민,전류,육류,,,,,돼지,,,,,,
에그갈릭토스트,김도민,빵과자류,난류,,,,,,,,,,,
누룽지탕죽,김도민,죽류,곡류,,,,,,,,,,,
떡볶이,김도민,볶음류,떡류,,,,,,,,,,,
바나나,김도민,단품류,과일류,,,,,,,,,,,
야채계란찜,김도민,찜류,난류,채소류,,,,,,,,,,
오이소박이,김도민,무침류,채소류,,,,,,,,,,,
프레즐,김도민,빵과자류,곡류,,,,,,,,,,,
참치김치볶음,김도민,볶음류,어패류,김치류,,,,,,,,,,
블루베리드레싱샐러드,김도민,샐러드류,과일류,채소류,,,,,,,,,,
얼큰감자국,김도민,국탕류,채소류,,,,,,,,,,,
오리불고기,김도민,볶음류,육류,,,,,오리,,,,,,
유린기,김도민,튀김류,육류,,,,,닭,,,,,,
스팸구이,김도민,구이류,육류,,,,,돼지,,,,,,
청경채찜,김도민,찜류,채소류,,,,,,,,,,,
오징어순대볶음,김도민,볶음류,어패류,육류,,,,돼지,,,,,,
떡갈비조림,김도민,조림류,육류,,,,,소,,,,,,
미니채소떡갈비,김도민,튀김류,육류,채소류,,,,소,,,,,,
닭데리야끼구이,김도민,구이류,육류,,,,,,,,,,,
비엔나케찹볶음,김도민,볶음류,육류,,,,,돼지,,,,,,
부추생채무침,김도민,무침류,채소류,,,,,,,,,,,
이색전*양념장,김도민,전류,채소류,양념 및 장류,난류,,,,,,,,,
어묵탕,김도민,국탕류,어패류,채소류,,,,,,,,,,
양파장아찌,김도민,장아찌류,채소류,,,,,,,,,,,
단호박달걀찜,김도민,찜류,채소류,난류,,,,,,,,,,
브로콜리숙회*초장,김도민,찜류,채소류,,,,,,,,,,,
건새우아욱국,김도민,국탕류,어패류,채소류,,,,,,,,,,
닭살채소굴소스볶음,김도민,볶음류,육류,채소류,양념 및 장류,,,닭,,,,,,
닭카레볶음,김도민,볶음류,육류,양념 및 장류,채소류,,,닭,,,,,,
다슬기아욱국,김도민,국탕류,어패류,채소류,,,,,,,,,,
오이사과생채,김도민,무침류,채소류,과일류,,,,,,,,,,
*발사믹소스,김도민,,,,,,,,,,,,,
우육비빔냉면,김도민,국수류,육류,면류,,,,소,,,,,,
유채나물,김도민,무침류,채소류,,,,,,,,,,,
시래기들개탕,김도민,국탕류,채소류,,,,,,,,,,,
황태미역국,김도민,국탕류,어패류,해조류,,,,,,,,,,
락교,김도민,장이찌류,채소류,,,,,,,,,,,
연근깨소스무침,김도민,무침류,채소류,양념 및 장류,,,,,,,,,,
호박젓국찌개,김도민,찌개류,채소류,두류,,,,,,,,,,
치커리단감무침,김도민,무침류,채소류,과일류,,,,,,,,,,
쫑상추새콤무침,김도민,무침류,채소류,,,,,,,,,,,
치킨핑거*요거트D,김도민,튀김류,육류,,,,,닭,,,,,,
연두부국,김도민,국탕류,두류,,,,,,,,,,,
어묵국,김도민,국탕류,어패류,,,,,,,,,,,
취나물된장볶음,김도민,볶음류,채소류,양념 및 장류,,,,,,,,,,
표고버섯탕수육,김도민,튀김류,채소류,,,,,,,,,,,
무쌈깻잎,김도민,샐러드류,채소류,,,,,,,,,,,
무초절임,김도민,장아찌류,채소류,,,,,,,,,,,
참치야채전,김도민,전류,어패류,채소류,,,,,,,,,,
치커리유자무침,김도민,무침류,채소류,과일류,,,,,,,,,,
소세지볶음,김도민,볶음류,육류,채소류,,,,,,,,,,
케익,김도민,빵과자류,난류,,,,,,,,,,,
치킨까스김치나베,김도민,국탕류,육류,김치류,,,,,,,,,,
옥수수맛살전,김도민,전류,어패류,채소류,,,,,,,,,,
대패삼겹숙주볶음,김도민,볶음류,육류,채소류,,,,돼지,,,,,,
봉골레파스타,김도민,국수류,어패류,면류,,,,,,,,,,
멸치마늘종볶음,김도민,볶음류,어패류,채소류,,,,,,,,,,
우엉곤약조림,김도민,조림류,채소류,,,,,,,,,,,
아귀지리탕,김도민,국탕류,어패류,,,,,,,,,,,
모듬소세지볶음,김도민,볶음류,육류,채소류,,,,돼지,,,,,,
고등어자반찜,김도민,찜류,어패류,,,,,,,,,,,
두부매콤조림,김도민,조림류,난류,양념 및 장류,,,,,,,,,,
매운오징어국,김도민,국탕류,어패류,,,,,,,,,,,
구운채소,김도민,구이류,채소류,,,,,,,,,,,
쑥갓무침,김도민,무침류,채소류,,,,,,,,,,,
인기가요샌드,김도민,빵과자류,난류,채소류,,,,,,,,,,
작은밥,김도민,밥류,곡류,,,,,,,,,,,
새우튀김우동,김도민,국수류,면류,어패류,,,,,,,,,,
춘권*칠리소스,김도민,튀김류,난류,채소류,,,,,,,,,,
삼치엿장구이,김도민,구이류,어패류,양념 및 장류,,,,,,,,,,
수제보쌈김치,김도민,김치류,육류,김치류,,,,돼지,,,,,,
양념고추지무침,김도민,무침류,채소류,양념 및 장류,,,,,,,,,,
치커리사과무침,김도민,무침류,채소류,사과류,양념 및 장류,,,,,,,,,
등갈비묵은지찜,김도민,찜류,육류,김치류,,,,돼지,,,,,,
숙주나물무침,김도민,무침류,채소류,양념 및 장류,,,,,,,,,,
미니팥칼국수,김도민,국수류,면류,채소류,,,,,,,,,,
계란찜,김도민,찜류,난류,채소류,,,,,,,,,,
야채샌드,김도민,빵과자류,두류,채소류,,,,,,,,,,
조랭이떡미역국,김도민,국탕류,해조류,떡류,,,,,,,,,,
우불고기,김도민,볶음류,육류,,,,,소,,,,,,
생선까스*타르타르D,김도민,튀김류,어패류,양념 및 장류,,,,,,,,,,
나가사키면&김,김도민,국수류,면류,,,,,,,,,,,
바나나시나몬토스트,김도민,빵과자류,난류,과일류,,,,,,,,,,
오이생채,김도민,무침류,채소류,,,,,,,,,,,
얼갈이나물,김도민,무침류,채소류,,,,,,,,,,,
꽁치감자조림,김도민,조림류,어패류,채소류,,,,,,,,,,
게살채소죽,김도민,죽류,어패류,채소류,,,,,,,,,,
나가사끼짬뽕,김도민,국탕류,면류,,,,,,,,,,,
김치콩나물국,김도민,국탕류,채소류,김치류,,,,,,,,,,
매운감자양파국,김도민,국탕류,채소류,,,,,,,,,,,
김치볶음,김도민,볶음류,김치류,,,,,,,,,,,
두부젓국찌개,김도민,찌개류,두류,,,,,,,,,,,
에그포테이토샌드위치,김도민,빵과자류,난류,채소류,,,,,,,,,,
양상추샐러드*오렌지D,김도민,샐러드류,채소류,과일류,,,,,,,,,,
조갯살미역국,김도민,국탕류,해조류,어패류,,,,,,,,,,
핫도그,김도민,빵과자류,육류,,,,,돼지,,,,,,
수제오이피클,김도민,장아찌류,채소류,,,,,,,,,,,
오삼불고기,김도민,볶음류,육류,어패류,,,,소,,,,,,
소시지감자볶음,김도민,볶음류,육류,채소류,,,,돼지,,,,,,
*,김윤수,,,,,,,,,,,,,
볶음밥*짜장소스,김윤수,밥류,곡류,채소류,,,,,,,,,,
브로컬리*초장,김윤수,찜류,양념 및 장류,채소류,,,,,,,,,,
<12명,김윤수,,,,,,,,,,,,,
참나물두부샐러드,김윤수,샐러드류,두류,채소류,,,,,,,,,,
고등어양념구이,김윤수,구이류,어패류,양념 및 장류,,,,,,,,,,
갈비만두,김윤수,찜류,육류,난류,,,,돼지,,,,,,
팽이장국,김윤수,국탕류,채소류,양념 및 장류,,,,,,,,,,
짜사이채무침,김윤수,무침류,채소류,양념 및 장류,,,,,,,,,,
식빵피자,김윤수,빵과자류,난류,채소류,육류,,,돼지,,,,,,
소고기샤브국,김윤수,국탕류,육류,채소류,,,,소,,,,,,
연두부계란찜,김윤수,찜류,난류,두류,,,,,,,,,,
통배추겉절이,김윤수,김치류,김치류,채소류,,,,,,,,,,
소고기무우국,김윤수,국탕류,육류,채소류,,,,소,,,,,,
밤크림빵,김윤수,빵과자류,난류,채소류,,,,,,,,,,
두부커틀릿,김윤수,튀김류,난류,두류,,,,,,,,,,
크래미샌드,김윤수,빵과자류,어패류,난류,,,,,,,,,,
돈육간장강정,김윤수,튀김류,육류,,,,,돼지,,,,,,
꽁치김치조림,김윤수,조림류,어패류,김치류,,,,,,,,,,
삼겹살마늘볶음밥,김윤수,밥류,육류,채소류,곡류,,,돼지,,,,,,
냉이국,김윤수,국탕류,해초류,,,,,,,,,,,
시래기된장국,김윤수,국탕류,채소류,양념 및 장류,,,,,,,,,,
양배추샐러드,김윤수,샐러드류,채소류,,,,,,,,,,,
소고기무국,김윤수,국탕류,육류,채소류,,,,소,,,,,,
소고기매운국,김윤수,국탕류,육류,,,,,소,,,,,,
콩나물굴소스볶음,김윤수,볶음류,채소류,양념 및 장류,,,,,,,,,,
단호박팥찜,김윤수,찜류,채소류,두류,,,,,,,,,,
치커리생채,김윤수,무침류,채소류,,,,,,,,,,,
물만두국,김윤수,국탕류,육류,난류,,,,돼지,,,,,,
푸실리샐러드,김윤수,샐러드류,채소류,,,,,,,,,,,
홍초콩나물국,김윤수,국탕류,채소류,,,,,,,,,,,
모듬튀김*칠리소스,김윤수,튀김류,육류,양념 및 장류,면류,,,돼지,,,,,,
돈육잡채,김윤수,국수류,육류,면류,,,,돼지,,,,,,
하와이안샐러드,김윤수,샐러드류,채소류,,,,,,,,,,,
매콤시래기된장지짐,김윤수,전류,채소류,양념 및 장류,두류,,,,,,,,,
바나나샌드,김윤수,빵과자류,과일류,난류,,,,,,,,,,
모닝샌드위치,김윤수,빵과자류,난류,,,,,,,,,,,
콩나물냉국,김윤수,국탕류,채소류,,,,,,,,,,,
카레찜닭,김윤수,찜류,육류,양념 및 장류,,,,닭,,,,,,
상추겉절이,김윤수,김치류,김치류,,,,,,,,,,,
김말이&만두튀김,김윤수,튀김류,채소류,육류,면류,,,돼지,,,,,,
아오리사과,김윤수,단품류,과일류,,,,,,,,,,,
해물볶음밥,김윤수,밥류,어패류,채소류,곡류,,,,,,,,,
김치미나리전,김윤수,전류,채소류,난류,김치류,,,,,,,,,
두부양념구이,김윤수,구이류,두류,양념 및 장류,,,,,,,,,,
"알배기,케일숙쌈*쌈장",김윤수,찜류,채소류,양념 및 장류,,,,,,,,,,
차돌비빔국수,김윤수,국수류,육류,면류,,,,소,,,,,,
차돌된장찌개,김윤수,찌개류,육류,양념 및 장류,,,,소,,,,,,
커피콩빵,김윤수,빵과자류,난류,채소류,,,,,,,,,,
돈육고추장찌개,김윤수,찌개류,육류,양념 및 장류,,,,돼지,,,,,,
묵은지삼겹살찜,김윤수,찜류,육류,김치류,,,,돼지,,,,,,
매운콩나물국,김윤수,국탕류,채소류,,,,,,,,,,,
해물죽,김윤수,죽류,어패류,곡류,,,,,,,,,,
수제돈까스*칠리소스,김윤수,튀김류,육류,양념 및 장류,,,,돼지,,,,,,
콩나물밥,김윤수,밥류,채소류,곡류,,,,,,,,,,
감자샌드,김윤수,빵과자류,난류,채소류,,,,,,,,,,
어묵깻잎전,김윤수,전류,채소류,어패류,,,,,,,,,,
부추호박전,김윤수,전류,채소류,난류,,,,,,,,,,
크로아상샌드위치,김윤수,빵과자류,난류,,,,,,,,,,,
살라미샌드위치,김윤수,빵과자류,채소류,육류,,,,돼지,,,,,,
채소스틱,김윤수,샐러드류,채소류,,,,,,,,,,,
김치필라프,김윤수,밥류,곡류,김치류,,,,,,,,,,
숙주나물,김윤수,무침류,채소류,,,,,,,,,,,
쇠고기숙주규동덮밥,김윤수,밥류,육류,채소류,,,,소,,,,,,
임연수구이,김윤수,구이류,애퓰,,,,,,,,,,,
닭가슴살장조림,김윤수,조림류,육류,양념 및 장류,,,,닭,,,,,,
닭간장볶음,김윤수,볶음류,육류,양념 및 장류,,,,닭,,,,,,
스팸주먹밥,김윤수,밥류,육류,곡류,,,,돼지,,,,,,
짜샤이볶음,김윤수,볶음류,채소류,,,,,,,,,,,
만둣국,김윤수,국탕류,난류,면류,,,,,,,,,,
명엽채볶음,김윤수,볶음류,채소류,,,,,,,,,,,
모닝롤,김윤수,빵과자류,난류,,,,,,,,,,,
시금치핫케익,김윤수,빵과자류,난류,채소류,,,,,,,,,,
쇠고기미역국,김윤수,국탕류,해초류,육류,,,,소,,,,,,
새우완자전*케찹,김윤수,전류,어패류,양념 및 장류,난류,,,,,,,,,
황태무채국,김윤수,국탕류,어패류,채소류,,,,,,,,,,
치즈볼,김윤수,튀김류,,,,,,,,,,,,
양배추피클,김윤수,장아찌류,채소류,,,,,,,,,,,
바베큐함박찹스테이크,김윤수,구이류,육류,양념 및 장류,,,,소,,,,,,
계란빵,김윤수,빵과자류,난류,,,,,,,,,,,
햄야채볶음,김윤수,볶음류,육류,채소류,,,,돼지,,,,,,
흑미쌀찐빵,김윤수,빵과자류,난류,곡류,,,,,,,,,,
오징어무침,김윤수,무침류,어패류,양념 및 장류,,,,,,,,,,
감자치즈구이,김윤수,구이류,채소류,,,,,,,,,,,
블루베리크림치즈베이글,김윤수,빵과자류,난류,과일류,,,,,,,,,,
근대고추장무침,김윤수,무침류,채소류,양념 및 장류,,,,,,,,,,
치커리귤무침,김윤수,무침류,채소류,과일류,양념 및 장류,,,,,,,,,
상추부추무침,김윤수,무침류,채소류,양념 및 장류,,,,,,,,,,
꿔바로우탕수육*소스,김윤수,튀김류,육류,양념 및 장류,,,,돼지,,,,,,
양념치킨,김윤수,튀김류,육류,,,,,닭,,,,,,
페퍼로니치즈피자,김윤수,빵과자류,난류,육류,,,,돼지,,,,,,
감자채햄볶음,김윤수,볶음류,육류,채소류,,,,돼지,,,,,,
올방개묵무침,김윤수,무침류,묵류,양념 및 장류,,,,,,,,,,
당면채소무침,김윤수,무침류,면류,채소류,양념 및 장류,,,,,,,,,
바나나베이비샐러드,김윤수,샐러드류,과일류,채소류,,,,,,,,,,
시금치초장무침,김윤수,무침류,채소류,양념 및 장류,,,,,,,,,,
물파래초무침,김윤수,무침류,해초류,양념 및 장류,,,,,,,,,,
청경채사과무침,김윤수,무침류,과일류,채소류,양념 및 장류,,,,,,,,,
도토리묵무침,김윤수,무침류,묵류,양념 및 장류,,,,,,,,,,
풋고추튀김,김윤수,튀김류,채소류,,,,,,,,,,,
옛날왕돈까스,김윤수,튀김류,육류,,,,,돼지,,,,,,
레몬탕수육,김윤수,튀김류,육류,과일류,,,,돼지,,,,,,
버섯탕수,김윤수,튀김류,채소류,,,,,,,,,,,
짬뽕*생면,김윤수,국탕류,면류,,,,,,,,,,,
땅콩샌드,김윤수,빵과자류,난류,채소류,,,,,,,,,,
꽃게된장찌개,김윤수,찌개류,어패류,양념 및 장류,,,,,,,,,,
양배추쌈*쌈장,김윤수,찜류,채소류,양념 및 장류,,,,,,,,,,
삼치데리야끼구이,김윤수,구이류,어패류,,,,,,,,,,,
유부장국,김윤수,국탕류,두류,양념 및 장류,,,,,,,,,,
교자만두,김윤수,찜류,육류,난류,면류,,,돼지,,,,,,
계란국,김윤수,국탕류,난류,,,,,,,,,,,
모둠묵샐러드,김윤수,샐러드류,묵류,,,,,,,,,,,
순대들깨볶음,김윤수,볶음류,채소류,,,,,,,,,,,
왕만두찜*양념장,김윤수,찜류,난류,육류,양념 및 장류,,,돼지,,,,,,
쇠고기버섯국,김윤수,국탕류,육류,채소류,,,,소,,,,,,
생과일플레인샐러드,김윤수,샐러드류,과일류,,,,,,,,,,,
시래기지짐,김윤수,전류,채소류,난류,,,,,,,,,,
옥수수스프,김윤수,죽류,채소류,,,,,,,,,,,
찜닭,김윤수,찜류,육류,,,,,닭,,,,,,
알탕,김윤수,국탕류,난류,,,,,,,,,,,
미니김밥*겨자장,김윤수,밥류,곡류,양념 및 장류,,,,,,,,,,
햄전&케찹,김윤수,전류,육류,난류,양념 및 장류,,,돼지,,,,,,
쌈무,김윤수,장아찌류,채소류,,,,,,,,,,,
민물새우찌개,김윤수,찌개류,어패류,,,,,,,,,,,
무채맑은국,김윤수,국탕류,채소류,,,,,,,,,,,
모닝에그빵,김윤수,빵과자류,난류,,,,,,,,,,,
크렌베리멸치볶음,김윤수,볶음류,어패류,과일류,,,,,,,,,,
감자채피망볶음,김윤수,볶음류,채소류,,,,,,,,,,,
열무비빔국수,김윤수,국수류,면류,김치류,양념 및 장류,,,,,,,,,
김치전,김윤수,전류,김치류,난류,,,,,,,,,,
한식잡채,김윤수,볶음류,면류,,,,,,,,,,,
오이맛살볶음,김윤수,볶음류,어패류,채소류,,,,,,,,,,
브로콜리깨소스무침,김윤수,무침류,채소류,양념 및 장류,,,,,,,,,,
연근튀김*칠리소스,김윤수,튀김류,채소류,양념 및 장류,,,,,,,,,,
콘치즈,김윤수,구이류,채소류,,,,,,,,,,,
제육볶음,김윤수,볶음류,육류,,,,,돼지,,,,,,
열무나물무침,김윤수,무침류,채소류,,,,,,,,,,,
오이도라지생채,김윤수,무침류,채소류,,,,,,,,,,,
참치파개장,김윤수,국탕류,어패류,채소류,,,,,,,,,,
아몬드멸치볶음,김윤수,볶음류,어패류,채소류,,,,,,,,,,
애호박새우젓나물,김윤수,무침류,어패류,채소류,,,,,,,,,,
시금치나물,김윤수,무침류,채소류,,,,,,,,,,,
손수제비국,김윤수,국탕류,면류,,,,,,,,,,,
양념깻잎찜,김윤수,찜류,채소류,양념 및 장류,,,,,,,,,,
채소계란찜,김윤수,찜류,난류,채소류,,,,,,,,,,
등갈비바베큐조림,김윤수,조림류,육류,양념 및 장류,,,,돼지,,,,,,
닭살겨자채,김윤수,무침류,육류,채소류,,,,닭,,,,,,
매운어묵국,김윤수,국탕류,어패류,,,,,,,,,,,
감자양파국,김윤수,국탕류,채소류,,,,,,,,,,,
수제등심찹쌀꿔바로우,김윤수,튀김류,육류,,,,,돼지,,,,,,
가자미유린기,김윤수,튀김류,육류,,,,,닭,,,,,,
시금치팬케익,김윤수,빵과자류,난류,채소류,,,,,,,,,,
맑은국,김윤수,국탕류,채소류,,,,,,,,,,,
야채소시지전,김윤수,전류,육류,채소류,,,,돼지,,,,,,
수제무말랭이무침,김윤수,무침류,채소류,,,,,,,,,,,
닭개장,김윤수,국탕류,육류,,,,,닭,,,,,,
천도복숭아,김윤수,단품류,과일류,,,,,,,,,,,
닭곰탕,김윤수,국탕류,채소류,,,,,닭,,,,,,
미나리숙주무침,김윤수,무침류,채소류,,,,,,,,,,,
오징어무국,김윤수,국탕류,어패류,채소류,,,,,,,,,,
도토리묵냉국,김윤수,국탕류,묵류,,,,,,,,,,,
해초무침,김윤수,무침류,해초류,,,,,,,,,,,
수제어묵볶음,김윤수,볶음류,어패류,,,,,,,,,,,
고구마까스*소스,김윤수,튀김류,채소류,양념 및 장류,,,,,,,,,,
야채튀김,김윤수,튀김류,채소류,,,,,,,,,,,
팟시금치무쌉,김윤수,찜류,채소류,,,,,,,,,,,
수제맛쵸킹탕수육,김윤수,튀김류,육류,채소류,,,,돼지,,,,,,
숙주미나리잡채,김윤수,볶음류,면류,채소류,,,,,,,,,,
김구이*양념장,김윤수,구이류,해초류,양념 및 장류,,,,,,,,,,
새우살야채죽,김윤수,죽류,어패류,채소류,곡류,,,,,,,,,
꽃게탕,김윤수,국탕류,어패류,,,,,,,,,,,
마늘바게뜨,김윤수,빵과자류,난류,채소류,,,,,,,,,,
미소시루,김윤수,국탕류,두류,,,,,,,,,,,
고추짜장,김윤수,볶음류,양념 및 장류,채소류,,,,,,,,,,
자반김,김윤수,단품류,해초류,,,,,,,,,,,
또띠아견과칩,김윤수,빵과자류,곡류,,,,,,,,,,,
사천탕수육,김윤수,튀김류,육류,,,,,돼지,,,,,,
양송이죽,김윤수,죽류,채소류,곡류,,,,,,,,,,
어묵우동,김윤수,국수류,어패류,,,,,,,,,,,
칠리베이비크랩,김윤수,튀김류,어패류,양념 및 장류,,,,,,,,,,
모둠사태조림,김윤수,조림류,육류,양념 및 장류,,,,소,,,,,,
매생이국,김윤수,국탕류,해초류,,,,,,,,,,,
자반고등어구이,김윤수,구이류,어패류,,,,,,,,,,,
재첩국,김윤수,국탕류,어패류,,,,,,,,,,,
갈치조림,김윤수,조림류,어패류,양념 및 장류,,,,,,,,,,
꼬들단무지무침,김윤수,무침류,채소류,양념 및 장류,,,,,,,,,,
팽이버섯장국,김윤수,국탕류,채소류,,,,,,,,,,,
방풍나물무침,김윤수,무침류,채소류,,,,,,,,,,,
흑미밥,김윤수,밥류,곡류,,,,,,,,,,,
아귀지리,김윤수,국탕류,어패류,,,,,,,,,,,
고등어카레구이,김윤수,구이류,어패류,양념 및 장류,,,,,,,,,,
딸기와플,김윤수,빵과자류,과일류,난류,,,,,,,,,,
장수제비,김윤수,국탕류,면류,,,,,,,,,,,
유채나물무침,김윤수,무침류,채소류,양념 및 장류,,,,,,,,,,
북어짬뽕국,김윤수,국탕류,어류,채소류,,,,,,,,,,
비엔나야채볶음,김윤수,볶음류,육류,채소류,,,,돼지,,,,,,
오복지,김윤수,장아찌류,채소류,,,,,,,,,,,
버섯영양밥*우렁양념장,김윤수,밥류,어패류,양념 및 장류,채소류,곡류,,,,,,,,
배추국,김윤수,국탕류,채소류,,,,,,,,,,,
가정의날,김윤수,,,,,,,,,,,,,
우삼겹부대찌개,김윤수,찌개류,육류,채소류,,,,소,,,,,,
류산슬,김윤수,볶음류,육류,어패류,,,,돼지,,,,,,
왕만두,김윤수,찜류,난류,면류,,,,,,,,,,
모둠장조림,김윤수,조림류,육류,양념 및 장류,,,,소,,,,,,
콘치즈오븐구이,김윤수,구이류,난류,,,,,,,,,,,
배추된장국,김윤수,국탕류,채소류,양념 및 장류,,,,,,,,,,
새우완자전,김윤수,전류,어패류,,,,,,,,,,,
임연수엿장조림,김윤수,조림류,어패류,양념 및 장류,,,,,,,,,,
새송이버섯죽,김윤수,죽류,채소류,곡류,,,,,,,,,,
콩가루배춧국,김윤수,국탕류,채소류,두류,,,,,,,,,,
오이미역무침,김윤수,무침류,채소류,해초류,양념 및 장류,,,,,,,,,
돈갈비찜,김윤수,찜류,육류,,,,,돼지,,,,,,
돈육두릅장조림,김윤수,조림류,육류,채소류,,,,돼지,,,,,,
모듬쌈*쌈장,김윤수,샐러드류,채소류,양념 및 장류,,,,,,,,,,
감자스프,김윤수,죽류,난류,채소류,,,,,,,,,,
미역나물,김윤수,무침류,해초류,,,,,,,,,,,
목살스테이크,김윤수,구이류,육류,,,,,돼지,,,,,,
꽁보리밥*볶음고추장,김윤수,밥류,곡류,양념 및 장류,,,,,,,,,,
감자전,김윤수,전류,채소류,난류,,,,,,,,,,
씨앗콩자반,김윤수,볶음류,채소류,,,,,,,,,,,
명엽체고추장볶음,김윤수,볶음류,채소류,양념 및 장류,,,,,,,,,,
고구마연근맛탕,김윤수,튀김류,채소류,,,,,,,,,,,
호박새우젓국,김윤수,국탕류,어패류,채소류,,,,,,,,,,
버섯맑은국,김윤수,국탕류,채소류,,,,,,,,,,,
머위나물무침,김윤수,무침류,채소류,,,,,,,,,,,
인절미샌드,김윤수,빵과자류,난류,떡류,,,,,,,,,,
치즈시즈닝치킨,김윤수,튀김류,육류,양념 및 장류,,,,닭,,,,,,
미트볼케찹조림,김윤수,조림류,육류,양념 및 장류,,,,돼지,,,,,,
구슬떡볶이,김윤수,볶음류,떡류,,,,,,,,,,,
골뱅이무침,김윤수,무침류,어패류,양념 및 장류,,,,,,,,,,
바지락국,김윤수,국탕류,어패류,,,,,,,,,,,
옥수수콘치즈,김윤수,구이류,채소류,난류,,,,,,,,,,
청양콩나물국,김윤수,국탕류,채소류,,,,,,,,,,,
치즈베이글,김윤수,빵과자류,난류,,,,,,,,,,,
크루통크림스프,김윤수,죽류,난류,,,,,,,,,,,
도토리묵*양념장,김윤수,무침류,양념 및 장류,,,,,,,,,,,
녹두죽,김윤수,죽류,곡류,,,,,,,,,,,
숯불양념꼬치어묵,김윤수,구이류,어패류,양념 및 장류,,,,,,,,,,
들깨버섯탕,김윤수,국탕류,채소류,,,,,,,,,,,
오이지무침,김윤수,무침류,채소류,,,,,,,,,,,
충무김밥,김윤수,밥류,채소류,곡류,,,,,,,,,,
건새우아욱된장국,김윤수,국탕류,어패류,양념 및 장류,,,,,,,,,,
조랭이미역국,김윤수,국탕류,해초류,,,,,,,,,,,
롤케익,김윤수,빵과자류,난류,,,,,,,,,,,
바나나팬케익,김윤수,빵과자류,난류,,,,,,,,,,,
코다리무조림,김윤수,조림류,어패류,,,,,,,,,,,
열무된장나물,김윤수,무침류,채소류,,,,,,,,,,,
소고기콜라비조림,김윤수,조림류,육류,채소류,,,,소,,,,,,
감자치즈오븐구이,김윤수,구이류,채소류,난류,,,,,,,,,,
북어해장국,김윤수,국탕류,어패류,,,,,,,,,,,
맑은버섯육개장,김윤수,국탕류,채소류,,,,,,,,,,,
메추리알장조림,김윤수,조림류,난류,,,,,,,,,,,
오꼬노미야끼,김윤수,전류,난류,어패류,,,,,,,,,,
돈사태떡찜,김윤수,찜류,육류,떡류,,,,돼지,,,,,,
오이맛살냉채,김윤수,무침류,채소류,어패류,,,,,,,,,,
마파두부덮밥,김윤수,밥류,두류,곡류,,,,,,,,,,
크래미오이보트샐러드,김윤수,샐러드류,채소류,,,,,,,,,,,
비프스파게티,김윤수,국수류,면류,육류,,,,소,,,,,,
순살깐풍기,김윤수,튀김류,육류,,,,,닭,,,,,,
미나리숙주나물,김윤수,무침류,채소류,,,,,,,,,,,
생크림단팥빵,김윤수,빵과자류,난류,두류,,,,,,,,,,
깻잎지,김윤수,무침류,채소류,,,,,,,,,,,
바지락된장찌개,김윤수,찌개류,어패류,양념 및 장류,,,,,,,,,,
참치김치찌개,김윤수,찌개류,어패류,김치류,,,,,,,,,,
햄에그치즈토스트,김윤수,빵과자류,육류,난류,곡류,,,돼지,,,,,,
할라피뇨멸치주먹밥,김윤수,밥류,채소류,곡류,어패류,,,,,,,,,
꽁치한마리구이,김윤수,구이류,어패류,,,,,,,,,,,
대구지리탕,김윤수,국탕류,어패류,채소류,,,,,,,,,,
쇠고기해장국,김윤수,국탕류,육류,채소류,,,,소,,,,,,
소고기스프,김윤수,죽류,육류,,,,,소,,,,,,
유부김칫국,김윤수,국탕류,두류,김치류,,,,,,,,,,
치즈닭갈비,김윤수,구이류,육류,채소류,,,,닭,,,,,,
모둠버섯초무침,김윤수,무침류,채소류,,,,,,,,,,,
메추리알풋고추조림,김윤수,조림류,난류,채소류,,,,,,,,,,
야채죽,김윤수,죽류,채소류,곡류,,,,,,,,,,
페퍼로니피자,김윤수,빵과자류,육류,난류,곡류,,,돼지,,,,,,
몽골식돈육볶음,김윤수,볶음류,육류,채소류,,,,돼지,,,,,,
이색묵*양념장,김윤수,무침류,묵류,양념 및 장류,,,,,,,,,,
오이사과무침,김윤수,무침류,채소류,과일류,,,,,,,,,,
곰피초장,김윤수,샐러드류,양념 및 장류,채소류,,,,,,,,,,
모닝사라다빵,김윤수,빵과자류,난류,곡류,채소류,,,,,,,,,
사과양상추샐러드,김윤수,샐러드류,과일류,채소류,,,,,,,,,,
피자빵,김윤수,빵과자류,육류,난류,곡류,,,돼지,,,,,,
머위대나물,김윤수,무침류,채소류,,,,,,,,,,,
어묵고추장무침,김윤수,무침류,어패류,양념 및 장류,,,,,,,,,,
깨찰빵,김윤수,빵과자류,난류,곡류,,,,,,,,,,
유채나물된장무침,김윤수,무침류,채소류,두류,양념 및 장류,,,,,,,,,
비빔만두,김윤수,무침류,만두류,채소류,,,,,,,,,,
구구마순나물,김윤수,무침류,채소류,,,,,,,,,,,
수제찹쌀꿔바로우,김윤수,튀김류,육류,난류,곡류,,,돼지,,,,,,
피바지락국,김윤수,국탕류,어패류,,,,,,,,,,,
사과잼쿠키,김윤수,빵과자류,난류,곡류,,,,,,,,,,
짜사이볶음,김윤수,볶음류,채소류,,,,,,,,,,,
노가리고추조림,김윤수,조림류,채소류,어패루,,,,,,,,,,
베이컨김치볶음밥,김윤수,밥류,육류,김치류,곡류,,,돼지,,,,,,
치즈계란찜,김윤수,찜류,난류,,,,,,,,,,,
계란장조림,김윤수,조림류,난류,,,,,,,,,,,
모듬튀김,김윤수,튀김류,채소류,난류,곡류,,,,,,,,,
잣죽,김윤수,죽류,곡류,,,,,,,,,,,
오이도라지무침,김윤수,무침류,채소류,,,,,,,,,,,
삼치데리야끼,김윤수,튀김류,어패류,,,,,,,,,,,
맑은조개탕,김윤수,국탕류,어패류,채소류,,,,,,,,,,
목살필라프,김윤수,밥류,육류,채소류,,,,돼지,,,,,,
유부우동국물,김윤수,국탕류,두류,채소류,어패류,,,,,,,,,
날치알볶음밥,김윤수,밥류,어패류,곡류,,,,,,,,,,
찐햇감자,김윤수,찜류,채소류,,,,,,,,,,,
갈릭파닭,김윤수,튀김류,육류,채소류,,,,닭,,,,,,
숙주미나리나물,김윤수,무침류,채소류,,,,,,,,,,,
냉모밀국수,김윤수,국수류,면류,곡류,채소류,,,,,,,,,
미니버거,김윤수,빵과자류,육류,난류,곡류,채소류,,돼자,,,,,,
마늘쫑무침,김윤수,무침류,채소류,,,,,,,,,,,
피바지락배추국,김윤수,국탕류,채소류,어패류,,,,,,,,,,
고기짬뽕국,김윤수,국탕류,육류,어패류,,,,돼지,,,,,,
닭데리야끼조림,김윤수,조림류,육류,채소류,,,,닭,,,,,,
애호박건새우볶음,김윤수,볶음류,채소류,어패류,,,,,,,,,,
베이컨감자볶음,김윤수,볶음류,육류,채소류,,,,돼지,,,,,,
무채나물,김윤수,무침류,채소류,,,,,,,,,,,
소고기불고기,김윤수,볶음류,육류,채소류,,,,소,,,,,,
참외,김윤수,단품류,과일류,,,,,,,,,,,
배,김윤수,단품류,과일류,,,,,,,,,,,
참나물생채,김윤수,무침류,채소류,,,,,,,,,,,
오징어콩나물국,김윤수,국탕류,어패류,채소류,,,,,,,,,,
딸기파이,김윤수,빵과자류,난류,곡류,과일류,,,,,,,,,
크림누룽지탕,김윤수,국탕류,곡류,채소류,,,,,,,,,,
베이컨숙주굴소스볶음,김윤수,볶음류,육류,채소류,,,,돼지,,,,,,
바지락무국,김윤수,국탕류,어패류,채소류,,,,,,,,,,
고구마튀김,김윤수,튀김류,채소류,,,,,,,,,,,
굴비구이,김윤수,구이류,어패류,,,,,,,,,,,
물만두탕수*소스,김윤수,튀김류,만두류,양념 및 장류,,,,,,,,,,
청국장찌개,김윤수,찌개류,두류,양념 및 장류,채소류,,,,,,,,,
콩죽,김윤수,죽류,두류,곡류,,,,,,,,,,
수제피클,김윤수,장아찌류,채소류,,,,,,,,,,,
짜장밥,김윤수,밥류,육류,채소류,양념 및 장류,,,돼지,,,,,,
파스타샐러드,김윤수,샐러드류,면류,채소류,,,,,,,,,,
두부카프레제샐러드,김윤수,샐러드류,두류,채소류,,,,,,,,,,
회오리감자,김윤수,튀김류,채소류,,,,,,,,,,,
칠리소스두부브로컬리볶음,김윤수,볶음류,두류,채소류,,,,,,,,,,
야채스틱*쌈장,김윤수,샐러드류,채소류,양념 및 장류,,,,,,,,,,
양장피잡채,김윤수,볶음류,어패류,난류,곡류,,,,,,,,,
모닝샌드,김윤수,빵과자류,난류,곡류,,,,,,,,,,
쇠고기야채볶음,김윤수,볶음류,육류,채소류,,,,소,,,,,,
소고기버섯볶음,김윤수,볶음류,육류,채소류,,,,소,,,,,,
미니함박,김윤수,구이류,육류,,,,,돼지,,,,,,
조기구이,김윤수,구이류,어패류,,,,,,,,,,,
치커리배생채,김윤수,무침류,채소류,과일류,,,,,,,,,,
동그랑땡계란부침,김윤수,전류,육류,난류,곡류,,,돼지,,,,,,
순살닭갈비,김윤수,구이류,육류,채소류,,,,닭,,,,,,
얼큰소고기무국,김윤수,국탕류,육류,채소류,,,,소,,,,,,
쪽파김무침,김윤수,무침류,채소류,해조류,,,,,,,,,,
아쿠아돈까스,김윤수,튀김류,육류,곡류,난류,,,돼지,,,,,,
치즈프레즐,김윤수,빵과자류,곡류,난류,,,,,,,,,,
우거지해장국,김윤수,국탕류,육류,채소류,,,,소,,,,,,
목살간장조림,김윤수,조림류,육류,양념 및 장류,,,,돼지,,,,,,
마계토스트,김윤수,빵과자류,곡류,난류,,,,,,,,,,
채소피클*할라피뇨,김윤수,장아찌류,채소류,,,,,,,,,,,
두부계란부침,김윤수,전류,두류,난류,,,,,,,,,,
방풍나물,김윤수,무침류,채소류,,,,,,,,,,,
콩나물간장볶음,김윤수,볶음류,채소류,양념 및 장류,,,,,,,,,,
샐러드,김윤수,샐러드류,채소류,,,,,,,,,,,
돈까스,김윤수,튀김류,육류,난류,곡류,,,돼지,,,,,,
브로컬리죽,김윤수,죽류,채소류,곡류,,,,,,,,,,
두부양념찜,김윤수,찜류,두류,양념 및 장류,,,,,,,,,,
칠리가지탕수,김윤수,튀김류,채소류,곡류,난류,,,,,,,,,
재래김*달래양념장,김윤수,단품류,해조류,양념 및 장류,,,,,,,,,,
미니야채떡갈비,김윤수,구이류,육류,채소류,,,,돼지,,,,,,
취나물볶음,김윤수,볶음류,채소류,,,,,,,,,,,
매콤돈육메추리알장조림,김윤수,조림류,육류,난류,,,,돼지,,,,,,
쫑상추무침,김윤수,무침류,채소류,,,,,,,,,,,
돈육마늘장조림,김윤수,조림류,육류,채소류,,,,돼지,,,,,,
치아바타샌드,김윤수,빵과자류,곡류,난류,채소류,,,,,,,,,
통고추쌈장무침,김윤수,무침류,채소류,양념 및 장류,,,,,,,,,,
몽골식돈육볶음&꽃빵,김윤수,볶음류,육류,곡류,채소류,,,돼지,,,,,,
두부쑥갓무침,김윤수,무침류,두류,채소류,,,,,,,,,,
*흑임자드레싱,김윤수,단품류,양념 및 장류,,,,,,,,,,,
카야잼샌드,김윤수,빵과자류,난류,곡류,,,,,,,,,,
스프,김윤수,죽류,채소류,,,,,,,,,,,
미니케익,김윤수,빵과자류,난류,곡류,,,,,,,,,,
나가사키짬뽕국,김윤수,국탕류,어패류,채소류,,,,,,,,,,
비엔나감자구이,김윤수,구이류,육류,채소류,,,,돼지,,,,,,
단배추나물,김윤수,무침류,채소류,,,,,,,,,,,
볶음우동,김윤수,국수류,면류,채소류,,,,,,,,,,
햄감자볶음,김윤수,볶음류,육류,채소류,,,,돼지,,,,,,
옥수수볼맛탕,김윤수,튀김류,채소류,곡류,,,,,,,,,,
겨울초겉절이,김윤수,김치류,채소류,양념 및 장류,,,,,,,,,,
황태채국,김윤수,국탕류,어패류,채소류,,,,,,,,,,
청양멸치주먹밥,김윤수,밥류,어패류,채소류,,,,,,,,,,
양상추샐러드*망고드레싱,김윤수,샐러드류,채소류,양념 및 장류,,,,,,,,,,
아메리카노,김윤수,음료 및 주류,두류,,,,,,,,,,,
고추가루:중국산),김윤수,,,,,,,,,,,,,
미니떡갈비조림,김윤수,조림류,육류,,,,,돼지,,,,,,
데리야끼파닭,김윤수,튀김류,육류,채소류,양념 및 장류,,,닭,,,,,,
참나물들깨무침,김윤수,무침류,채소류,,,,,,,,,,,
커피,김윤수,음료 및 주류,두류,,,,,,,,,,,
배추오이흑임자무침,김윤수,무침류,채소류,양념 및 장류,,,,,,,,,,
어묵볶음,김윤수,볶음류,어패류,,,,,,,,,,,
동파삼겹수육,김윤수,찜류,육류,양념 및 장류,,,,돼지,,,,,,
조각케익,김윤수,빵과자류,난류,곡류,,,,,,,,,,
마파두부소스,김윤수,단품류,두류,양념 및 장류,,,,,,,,,,
춘권*타르타르D,김윤수,튀김류,곡류,양념 및 장류,,,,,,,,,,
햄계란말이,김윤수,구이류,육류,난류,,,,돼지,,,,,,
치커리무침,김윤수,무침류,채소류,,,,,,,,,,,
사과오이무침,김윤수,무침류,과일류,채소류,,,,,,,,,,
순대찜*소금,김윤수,찜류,육류,,,,,돼지,,,,,,
미니함박조림,김윤수,조림류,육류,,,,,돼지,,,,,,
들기름무채볶음,김윤수,볶음류,채소류,,,,,,,,,,,
에그타르트,김윤수,빵과자류,난류,곡류,,,,,,,,,,
참치야채비빔밥,김윤수,밥류,채소류,어패류,곡류,양념 및 장류,,,,,,,,
뼈해장국,김윤수,국탕류,육류,채소류,,,,ㅍ,,,,,,
콩나물국,김윤수,국탕류,채소류,,,,,,,,,,,
사골파국,김윤수,국탕류,육류,채소류,,,,소,,,,,,
꼬지어묵탕,김윤수,국탕류,어패류,채소류,,,,,,,,,,
닭간장조림,김윤수,조림류,육류,양념 및 장류,채소류,,,닭,,,,,,
모둠채소전*장,김윤수,전류,양념 및 장류,채소류,난류,곡류,,,,,,,,
셀프충무김밥,김윤수,김(초)밥류,채소류,해조류,곡류,,,,,,,,,
주꾸미굴소스볶음,김윤수,볶음류,어패류,채소류,,,,,,,,,,
피홍합탕,김윤수,국탕류,어패류,채소류,,,,,,,,,,
두부미소된장국,김윤수,국탕류,두류,두류,양념 및 장류,,,,,,,,,
야채샌드위치,김윤수,빵과자류,곡류,난류,채소류,,,,,,,,,
콩나물된장국,김윤수,국탕류,두류,양념 및 장류,채소류,,,,,,,,,
순대오징어볶음,김윤수,볶음류,육류,어패류,채소류,,,돼지,,,,,,
돈육칠리강정,김윤수,튀김류,육류,,,,,돼지,,,,,,
김잔파무침,김윤수,무침류,채소류,해조류,,,,,,,,,,
무생채,김윤수,무침류,채소류,,,,,,,,,,,
롤케이크,김윤수,빵과자류,난류,곡류,,,,,,,,,,
수제고로케*케찹,김윤수,튀김류,곡류,난류,채소류,양념 및 장류,,,,,,,,
허니브레드,김윤수,빵과자류,난류,곡류,,,,,,,,,,
크림카레우동,김윤수,국수류,채소류,면류,,,,,,,,,,
치킨텐더,김윤수,튀김류,육류,곡류,난류,,,닭,,,,,,
크로와상샌드위치,김윤수,빵과자류,난류,곡류,,,,,,,,,,
미니에그슬럿버거,김윤수,빵과자류,난류,곡류,,,,,,,,,,
식혜,김윤수,음료 및 주류,곡류,,,,,,,,,,,
채소볶음밥,김윤수,밥류,채소류,곡류,,,,,,,,,,
멸치견과류볶음,김윤수,볶음류,어패류,두류,,,,,,,,,,
부추팽이무침,김윤수,무침류,채소류,,,,,,,,,,,
고추잡채,김윤수,볶음류,육류,면류,채소류,,,돼지,,,,,,
새우완자국,김윤수,국탕류,어패류,채소류,,,,,,,,,,
버섯볶음,김윤수,볶음류,채소류,,,,,,,,,,,
돈육고추장불고기,김윤수,볶음류,육류,양념 및 장류,채소류,,,돼지,,,,,,
베이컨계란말이,김윤수,구이류,육류,난류,,,,돼지,,,,,,
애호박나물볶음,김윤수,볶음류,채소류,,,,,,,,,,,
유부주머니국,김윤수,국탕류,두류,채소류,,,,,,,,,,
블루베리프렌치토스트,김윤수,빵과자류,난류,곡류,과일류,,,,,,,,,
두부,김윤수,단품류,두류,,,,,,,,,,,
세발나물무침,김윤수,무침류,채소류,,,,,,,,,,,
*천도복숭아,문성일,단품류,과일류,,,,,,,,,,,
단호박*팥찜,문성일,찜류,두류,,,,,,,,,,,
초장,문성일,양념 및 장류,양념 및 장류,,,,,,,,,,,
새우까스*소스,문성일,튀김류,어패류,양념 및 장류,,,,,,,,,,
*망고드레싱,문성일,양념 및 장류,양념 및 장류,망고,,,,,,,,,,
모둠묵*장,문성일,무침류,묵류,양념 및 장류,,,,,,,,,,
파래김*양념장,문성일,단품류,양념 및 장류,해조류,,,,,,,,,,
쇠고기청경채볶음,문성일,볶음류,육류,채소류,,,,소,,,,,,
닭겨자냉채,문성일,무침류,,,,,,닭,,,,,,
홍루이젠,문성일,빵과자류,,,,,,,,,,,,
통마늘너비아니조림,문성일,조림류,육류,채소류,,,,,,,,,,
얼갈이나물된장무침,문성일,무침류,채소류,,,,,,,,,,,
순대볶음,문성일,볶음류,,,,,,,,,,,,
냉이김칫국,문성일,국탕류,채소류,,,,,,,,,,,
하루나무침,문성일,무침류,채소류,,,,,,,,,,,
멸치고추장무침,문성일,무침류,어패류,양념 및 장류,,,,,,,,,,
모듬장조림,문성일,조림류,육류,난류,,,,돼지,,,,,,
두부새싹구이,문성일,구이류,두류,채소류,,,,,,,,,,
불고기필라프,문성일,밥류,육류,,,,,돼지,,,,,,
멸치호두볶음,문성일,볶음류,어패류,,,,,,,,,,,
돈육계란장조림,문성일,조림류,육류,난류,,,,돼지,,,,,,
장국,문성일,국탕류,양념 및 장류,,,,,,,,,,,
떡꼬지,문성일,튀김류,떡류,,,,,,,,,,,
오복지무침,문성일,무침류,채소류,양념 및 장류,,,,,,,,,,
케이준샐러드,문성일,샐러드류,육류,채소류,,,,닭,,,,,,
버섯비엔나조림,문성일,조림류,채소류,육류?,,,,,,,,,,
맛살냉채,문성일,무침류,해조류,,,,,,,,,,,
핫도그&케찹,문성일,빵과자류,,,,,,,,,,,,
어묵잡채볶음,문성일,볶음류,어패류,채소류,,,,,,,,,,
백김치,문성일,김치류,김치류,,,,,,,,,,,
양념깻잎지,문성일,장아찌류,채소류,양념 및 장류,,,,,,,,,,
토마토리코타치즈샐러드,문성일,샐러드류,채소류,과일류,,,,,,,,,,
참치덮밥,문성일,밥류,어패류,,,,,,,,,,,
계란볶음밥,문성일,밥류,난류,채소류,,,,,,,,,,
죽순버섯볶음,문성일,볶음류,채소류,,,,,,,,,,,
새송이버섯장조림,문성일,조림류,채소류,,,,,,,,,,,
갓김치,문성일,김치류,김치류,,,,,,,,,,,
섭산적구이,문성일,구이류,육류,,,,,쇠고기,,,,,,
깐풍기,문성일,튀김류,육류,,,,,돼지,,,,,,
치킨마요덮밥,문성일,밥류,육류,양념 및 장류,,,,닭,,,,,,
고등어김치찜,문성일,찜류,어패류,김치류,,,,,,,,,,
연두부*새싹장,문성일,단품류,두류,양념 및 장류,,,,,,,,,,
호박볶음,문성일,볶음류,채소류,,,,,,,,,,,
홍합짬뽕국,문성일,국탕류,어패류,,,,,,,,,,,
상추파무침,문성일,무침류,채소류,양념 및 장류,,,,,,,,,,
아욱국,문성일,국탕류,채소류,,,,,,,,,,,
머핀,문성일,빵과자류,,,,,,,,,,,,
마늘쫑새우볶음,문성일,볶음류,채소류,어패류,,,,,,,,,,
로제찜닭*마늘빵,문성일,찜류,빵과자류,,,,,닭,,,,,,
연근호두조림,문성일,조림류,채소류,,,,,,,,,,,
코다리강정,문성일,튀김류,어패류,,,,,,,,,,,
돈육볶음,문성일,볶음류,육류,,,,,돼지,,,,,,
해물완자전*케찹,문성일,전류,어패류,양념 및 장류,,,,,,,,,,
느타리팽이볶음,문성일,볶음류,채소류,,,,,,,,,,,
마늘종멸치볶음,문성일,볶음류,어패류,채소류,,,,,,,,,,
흑임자곤약샐러드,문성일,샐러드류,채소류,양념 및 장류,두류,,,,,,,,,
아삭고추무침,문성일,무침류,채소류,,,,,,,,,,,
간장계란장,문성일,조림류,난류,양념 및 장류,,,,,,,,,,
"피클,음료",문성일,음료 및 주류,채소류,,,,,,,,,,,
어묵곤약볶음,문성일,볶음류,두류,묵류,어패류,,,,,,,,,
두부양념조림,문성일,조림류,두류,양념 및 장류,,,,,,,,,,
쇠고기샤브국,문성일,국탕류,육류,,,,,쇠고기,,,,,,
순두부찌개,문성일,찌개류,두류,,,,,,,,,,,
조각사과,문성일,단품류,과일류,,,,,,,,,,,
물냉면,문성일,국수류,면류,,,,,,,,,,,
파게트,문성일,빵과자류,난류,,,,,,,,,,,
순두부된장국,문성일,국탕류,두류,채소류,,,,,,,,,,
맛탕,문성일,튀김류,채소류,양념 및 장류,,,,,,,,,,
삼치구이,문성일,구이류,어패류,,,,,,,,,,,
땅콩크림빵,문성일,빵과자류,채소류,난류,,,,,,,,,,
토마토설탕절인,문성일,샐러드류,과일류,,,,,,,,,,,
쌈장,문성일,단품류,양념 및 장류,,,,,,,,,,,
주스,문성일,음료 및 주류,,,,,,,,,,,,
호박잎찌개,문성일,찌개류,채소류,,,,,,,,,,,
새우살죽,문성일,죽류,어패류,,,,,,,,,,,
스크램블,문성일,볶음류,육류,난류,,,,,,,,,,
비타민흑임자샐러드,문성일,샐러드류,채소류,양념 및 장류,,,,,,,,,,
호박죽,문성일,죽류,채소류,,,,,,,,,,,
해물볶음우동,문성일,볶음류,어패류,면류,,,,,,,,,,
쇠고기퀘사디아,문성일,전류,육류,채소류,,,,쇠고기,,,,,,
풋마늘대무침,문성일,무침류,채소류,양념 및 장류,,,,,,,,,,
바지락콩나물국,문성일,국탕류,어패류,채소류,,,,,,,,,,
케이준치킨샐러드,문성일,샐러드류,육류,채소류,,,,,,,,,,
카레덮밥,문성일,밥류,양념 및 장류,,,,,,,,,,,
쌀국수,문성일,국수류,면류,,,,,,,,,,,
딤섬,문성일,찜류,만두류,,,,,,,,,,,
보코치니샐러드,문성일,샐러드류,채소류,,,,,,,,,,,
꽈배기도너츠,문성일,빵과자류,난류,,,,,,,,,,,
감자찌개,문성일,찌개류,채소류,,,,,,,,,,,
만두찜,문성일,찜류,만두류,,,,,,,,,,,
로제파스타,문성일,국수류,면류,,,,,,,,,,,
슈크림,문성일,빵과자류,난류,,,,,,,,,,,
두부떡국,문성일,국탕류,두류,떡류,,,,,,,,,,
가지쇠고기볶음,문성일,볶음류,육류,채소류,,,,쇠고기,,,,,,
메론롤케익,문성일,빵과자류,과일류,,,,,,,,,,,
유부주머니우동국,문성일,국탕류,면류,채소류,,,,,,,,,,
동태포전,문성일,전류,어패류,,,,,,,,,,,
등심돈까스,문성일,튀김류,육류,,,,,,,,,,,
"양상추,",문성일,샐러드류,채소류,,,,,,,,,,,
새송이버섯조림,문성일,조림류,채소류,양념 및 장류,,,,,,,,,,
모둠튀김*칠리소스,문성일,튀김류,양념 및 장류,,,,,,,,,,,
단호박계란찜,문성일,찜류,난류,채소류,,,,,,,,,,
코다리양념조림,문성일,조림류,어패류,양념 및 장류,,,,,,,,,,
김말이튀김,문성일,튀김류,면류,해조류,,,,,,,,,,
부추팽이겉절이,문성일,김치류,김치류,채소류,,,,,,,,,,
하와이안필라프,문성일,밥류,채소류,과일류,,,,,,,,,,
해물동그랑땡전,문성일,전류,어패류,,,,,,,,,,,
유부된장국,문성일,국탕류,채소류,,,,,,,,,,,
들깨버섯무침,문성일,무침류,채소류,양념 및 장류,,,,,,,,,,
등심찹쌀꿔바로우,문성일,튀김류,육류,,,,,돼지고기,,,,,,
탄두리치킨,문성일,튀김류,육류,,,,,닭,,,,,,
카레라이스,문성일,밥류,양념 및 장류,,,,,,,,,,,
에그샐러드,문성일,샐러드류,난류,채소류,,,,,,,,,,
자반무침,문성일,무침류,해조류,양념 및 장류,,,,,,,,,,
삼치된장구이,문성일,구이류,어패류,양념 및 장류,,,,,,,,,,
쇠고기숙주볶음,문성일,볶음류,육류,채소류,,,,쇠고기,,,,,,
조각티라미수,문성일,빵과자류,난류,,,,,,,,,,,
피자샌드,문성일,빵과자류,난류,,,,,,,,,,,
꽈리고추찜,문성일,찜류,채소류,,,,,,,,,,,
돈삼겹보쌈,문성일,찜류,육류,,,,,돼지,,,,,,
궁중떡찜,문성일,찜류,떡류,,,,,,,,,,,
돈채호박볶음,문성일,볶음류,채소류,,,,,,,,,,,
오이쑥갓겉절이,문성일,김치류,채소류,김치류,,,,,,,,,,
북어계란국,문성일,국탕류,어패류,난류,,,,,,,,,,
사과베이비샐러드,문성일,샐러드류,과일류,채소류,,,,,,,,,,
매운계란파국,문성일,국탕류,난류,양념 및 장류,,,,,,,,,,
김치말이국수,문성일,국수류,김치류,면류,,,,,,,,,,
오렌지주스,문성일,음료 및 주류,,,,,,,,,,,,
해물겨자냉채,문성일,무침류,해조류,채소류,양념 및 장류,,,,,,,,,
수제비국,문성일,국탕류,,,,,,,,,,,,
쇠고기규동덮밥,문성일,밥류,육류,양념 및 장류,,,,쇠고기,,,,,,
마늘쫑볶음,문성일,볶음류,채소류,,,,,,,,,,,
콩조림,문성일,조림류,채소류,두류,,,,,,,,,,
매운사태찜,문성일,찜류,어패류,양념 및 장류,,,,,,,,,,
초계국수,문성일,국수류,면류,,,,,,,,,,,
우렁살된장국,문성일,국탕류,어패류,,,,,,,,,,,
콩나물오징어국,문성일,국탕류,어패류,채소류,,,,,,,,,,
꽁치허브구이,문성일,구이류,어패류,채소류,,,,,,,,,,
김치주먹밥,문성일,밥류,김치류,,,,,,,,,,,
고사리들깨나물,문성일,무침류,채소류,양념 및 장류,,,,,,,,,,
설렁탕,문성일,국탕류,육류,,,,,소,,,,,,
토란탕,문성일,국탕류,채소류,,,,,,,,,,,
씨크립샌드,문성일,단품류,난류,,,,,,,,,,,
마늘쫑장아찌,문성일,장아찌류,채소류,,,,,,,,,,,
후르츠산도,문성일,단품류,과일류,,,,,,,,,,,
햄볶음밥,문성일,밥류,채소류,,,,,,,,,,,
닭오븐구이,문성일,구이류,육류,,,,,닭,,,,,,
칼국수,문성일,국수류,면류,,,,,,,,,,,
마약계란장조림,문성일,조림류,난류,양념 및 장류,,,,,,,,,,
연두부*참깨드레싱소스,문성일,찜류,두류,양념 및 장류,,,,,,,,,,
산채비빔밥,문성일,밥류,채소류,,,,,,,,,,,
오이맛살초무침,문성일,무침류,채소류,어패류,양념 및 장류,,,,,,,,,
물미역초무침,문성일,무침류,해조류,양념 및 장류,,,,,,,,,,
두유,문성일,음료 및 주류,두류,,,,,,,,,,,
양파,문성일,단품류,채소류,,,,,,,,,,,
소고기죽,문성일,죽류,육류,,,,,소,,,,,,
홍합무우국,문성일,국탕류,어패류,채소류,,,,,,,,,,
방울양배추베이컨볶음,문성일,볶음류,채소류,육류,,,,,,,,,,
닭살해장국,문성일,국탕류,육류,,,,,닭,,,,,,
잡채밥,문성일,밥류,채소류,,,,,,,,,,,
훈제오리냉채,문성일,무침류,육류,해조류,,,,오리,,,,,,
간장불고기,문성일,볶음류,육류,양념 및 장류,,,,불고기,,,,,,
생선초밥,문성일,밥류,어패류,,,,,,,,,,,
제육춘장볶음,문성일,볶음류,육류,양념 및 장류,,,,돼지,,,,,,
양념갈비찜,문성일,찜류,육류,양념 및 장류,,,,돼지,,,,,,
북어채국,문성일,국탕류,어패류,,,,,,,,,,,
돈육두루치기,문성일,볶음류,육류,,,,,돼지,,,,,,
김치국수,문성일,국수류,면류,,,,,,,,,,,
청포도,문성일,단품류,과일류,,,,,,,,,,,
동태탕,문성일,국탕류,어패류,,,,,,,,,,,
꽈리고추찹쌀무침,문성일,무침류,채소류,양념 및 장류,,,,,,,,,,
무쌈,문성일,조림류,채소류,,,,,,,,,,,
파인애플볶음밥,문성일,밥류,과일류,,,,,,,,,,,
브리또,문성일,빵과자류,,,,,,,,,,,,
쿠키,문성일,빵과자류,,,,,,,,,,,,
쌀밥,문성일,밥류,곡류,,,,,,,,,,,
분홍소세지구이*케찹,문성일,구이류,육류,,,,,,,,,,,
언양식불고기,문성일,볶음류,육류,,,,,불고기,,,,,,
오뗄햄김밥,문성일,밥류,해조류,육류,,,,,,,,,,
인절미토스트,문성일,빵과자류,떡류,,,,,,,,,,,
시금치샐러드,문성일,샐러드류,채소류,,,,,,,,,,,
육개장,문성일,국탕류,채소류,육류,,,,,,,,,,
꽁채캔김치조림,문성일,조림류,어패류,김치류,,,,,,,,,,
깻잎양념찜,문성일,장아찌류,채소류,양념 및 장류,,,,,,,,,,
시나몬페스츄리,문성일,빵과자류,,,,,,,,,,,,
타워함박스테이크,문성일,구이류,육류,,,,,돼지,,,,,,
짜장잡채덮밥,문성일,밥류,채소류,,,,,,,,,,,
쇠고기장조림,문성일,조림류,육류,,,,,쇠고기,,,,,,
해파리겨자채,문성일,무침류,해조류,채소류,,,,,,,,,,
순대야채볶음,문성일,볶음류,채소류,,,,,,,,,,,
문어꽈리초조림,문성일,조림류,어패류,채소류,,,,,,,,,,
구운어묵볶음,문성일,볶음류,어패류,,,,,,,,,,,
오징어굴소스볶음,문성일,볶음류,어패류,양념 및 장류,,,,,,,,,,
칠리미트볼조림,문성일,조림류,육류,양념 및 장류,,,,소,돼지,,,,,
매콤호박볶음,문성일,볶음류,채소류,양념 및 장류,,,,,,,,,,
해물전,문성일,전류,어패류,,,,,,,,,,,
안동찜닭,문성일,찜류,육류,,,,,닭,,,,,,
묵은지닭찜,문성일,찜류,육류,김치류,,,,닭,,,,,,
겉절이김치,문성일,김치류,채소류,,,,,,,,,,,
숯불양념꼬지어묵,문성일,조림류,어패류,양념 및 장류,,,,,,,,,,
봄동무침,문성일,무침류,채소류,양념 및 장류,,,,,,,,,,
우거지된장국,문성일,국탕류,채소류,,,,,,,,,,,
느타리애호박볶음,문성일,볶음류,채소류,,,,,,,,,,,
두부된장찌개,문성일,찌개류,두류,채소류,,,,,,,,,,
갈치튀김,문성일,튀김류 ,어패류,,,,,,,,,,,
참치채소볶음,문성일,볶음류,어패류,채소류,,,,,,,,,,
다시마채무초무침,문성일,무침류,해조류,채소류,,,,,,,,,,
순살파닭,문성일,튀김류,육류,채소류,,,,닭,,,,,,
깻잎고기전,문성일,전류,채소류,육류,,,,소,돼지,,,,,
매운돈갈비찜,문성일,찜류,육류,양념 및 장류,,,,돼지,,,,,,
채소볶음우동,문성일,볶음류,채소류,면류,,,,,,,,,,
얼갈이쌈장무침,문성일,무침류,채소류,양념 및 장류,,,,,,,,,,
곤드레밥*강된장,문성일,밥류,채소류,곡류,양념 및 장류,,,,,,,,,
과일주스,문성일,음료 및 주류,과일류,,,,,,,,,,,
비빔채소만두,문성일,무침류,면류,난류,채소류,,,,,,,,,
반반치킨,문성일,튀김류,육류,,,,,닭,,,,,,
쑥된장국,문성일,국탕류,채소류,양념 및 장류,,,,,,,,,,
도라지생채,문성일,무침류,채소류,,,,,,,,,,,
쌈만두,문성일,찜류,면류,육류,채소류,,,돼지,,,,,,
잡채밥&짜장소스,문성일,밥류,면류,곡류,양념 및 장류,,,,,,,,,
아이스슈,문성일,빵과자류,,,,,,,,,,,,
모자반무침,문성일,무침류,채소류,양념 및 장류,,,,,,,,,,
풋마늘초무침,문성일,무침류,채소류,양념 및 장류,,,,,,,,,,
간장찜닭,문성일,찜류,육류,양념 및 장류,,,,닭,,,,,,
스파게티,문성일,국수류,면류,,,,,,,,,,,
해물짬뽕,문성일,국탕류,면류,어패류,,,,,,,,,,
명란연근전,문성일,전류,채소류,어패류,,,,,,,,,,
쇠고기볶음밥,문성일,밥류,육류,채소류,곡류,,,소,,,,,,
동전문어조림,문성일,조림류,어패류,,,,,,,,,,,
해물우동볶음,문성일,볶음류,면류,어패류,,,,,,,,,,
오꼬노미계란말이,문성일,구이류,난류,어패류,,,,,,,,,,
오징어브로컬리,문성일,무침류,어패류,채소류,,,,,,,,,,
양파초절임,문성일,장아찌류,채소류,,,,,,,,,,,
참치죽,문성일,죽류,어패류,곡류,,,,,,,,,,
물만둣국,문성일,국탕류,난류,채소류,면류,,,,,,,,,
쥐어채무침,문성일,무침류,어패류,양념 및 장류,,,,,,,,,,
미소된장국,문성일,국탕류,채소류,양념 및 장류,,,,,,,,,,
구이김,문성일,구이류,해초류,,,,,,,,,,,
매운소고기국,문성일,국탕류,육류,,,,,소,,,,,,
시리얼과일샐러드,문성일,샐러드류,과일류,,,,,,,,,,,
왕새우튀김,문성일,튀김류,어패류,,,,,,,,,,,
감자소세지볶음,문성일,볶음류,육류,채소류,,,,돼지,,,,,,
곤드레밥,문성일,밥류,곡류,채소류,,,,,,,,,,
머위순나물,문성일,나물류,채소류,,,,,,,,,,,
동태찌개,문성일,찌개류,어패류,,,,,,,,,,,
올갱이아욱국,문성일,국탕류,어패류,,,,,,,,,,,
새알팥죽,문성일,죽류,두류,,,,,,,,,,,
해물손수제비,문성일,국수류,어패류,면류,,,,,,,,,,
토스트,문성일,빵과자류,나류,,,,,,,,,,,
메추리알곤약조림,문성일,조림류,난류,묵류,,,,,,,,,,
옥수수맛탕,문성일,튀김류,채소류,,,,,,,,,,,
계란파국,문성일,국탕류,난류,채소류,,,,,,,,,,
자몽샐러드,문성일,샐러드류,과일류,,,,,,,,,,,
더덕무침,문성일,무침류,채소류,,,,,,,,,,,
감자만두,문성일,찜류,채소류,면류,난류,육류,,돼지,,,,,,
맑은버섯국,문성일,국탕류,채소류,,,,,,,,,,,
오이초무침,문성일,무침류,채소류,양념 및 장류,,,,,,,,,,
시금치초고추장무침,문성일,무침류,채소류,양념 및 장류,,,,,,,,,,
깐풍연근,문성일,튀김류,채소류,,,,,,,,,,,
늙은호박전,문성일,전류,채소류,,,,,,,,,,,
닭죽,문성일,죽류,육류,곡류,,,,닭,,,,,,
수제동그랑땡전*케찹,문성일,전류,난류,채소류,양념 및 장류,,,,,,,,,
비빔국수,문성일,국수류,면류,양념 및 장류,,,,,,,,,,
치커리유자청무침,문성일,무침류,채소류,,,,,,,,,,,
프렌치토스트,문성일,빵과자류,곡류,난류,,,,,,,,,,
쭈꾸미볶음,문성일,볶음류,어패류,채소류,,,,,,,,,,
미니잔치국수,문성일,국수류,면류,채소류,어패류,,,,,,,,,
단호박찐빵,문성일,빵과자류,난류,곡류,채소류,,,,,,,,,
누룽지탕,문성일,국탕류,곡류,,,,,,,,,,,
마늘종호두조림,문성일,조림류,채소류,두류,,,,,,,,,,
포도,문성일,단품류,과일류,,,,,,,,,,,
가자미엿장구이,문성일,구이류,어패류,양념 및 장류,,,,,,,,,,
가자미카레튀김,문성일,튀김류,어패류,,,,,,,,,,,
생선가스,문성일,튀김류,어패류,,,,,,,,,,,
짬뽕순두부찌개,문성일,찌개류,두류,어패류,채소류,,,,,,,,,
오리훈제볶음밥,문성일,밥류,육류,곡류,채소류,,,오리,,,,,,
호떡맥모닝,문성일,빵과자류,난류,두류,,,,,,,,,,
브로컬리크림스프,문성일,죽류,채소류,,,,,,,,,,,
건새우무나물,문성일,무침류,어패류,채소류,,,,,,,,,,
오징어채소볶음,문성일,볶음류,어패류,채소류,,,,,,,,,,
돈나물오리엔탈무침,문성일,무침류,채소류,,,,,,,,,,,
콩자반,문성일,무침류,두류,,,,,,,,,,,
아롱사태샐러드*들깨소스,문성일,샐러드류,육류,양념 및 장류,채소류,,,소,,,,,,
꽁치오븐구이,문성일,구이류,어패류,,,,,,,,,,,
꽁치김치말이,문성일,찜류,어패류,김치류,,,,,,,,,,
잡채,문성일,무침류,육류,채소류,,,,돼지,,,,,,
도넛츠,문성일,빵과자류,난류,곡류,,,,,,,,,,
돈육매콤조림,문성일,조림류,육류,채소류,,,,돼지,,,,,,
깻잎쌈*생강채,문성일,찜류,채소류,양념 및 장류,,,,,,,,,,
애플잼쿠키,문성일,빵과자류,난류,곡류,,,,,,,,,,
돈육청경채볶음,문성일,볶음류,육류,채소류,,,,돼지,,,,,,
포테이토오븐구이,문성일,구이류,채소류,,,,,,,,,,,
참치야채죽,문성일,죽류,어패류,곡류,채소류,,,,,,,,,
비름나물,문성일,무침류,채소류,,,,,,,,,,,
당근크림치즈베이글,문성일,빵과자류,난류,채소류,,,,,,,,,,
찐옥수수,문성일,단품류,채소류,,,,,,,,,,,
멘보샤*칠리S,문성일,튀김류,어패류,난류,양념 및 장류,,,,,,,,,
스태프핫도그,문성일,빵과자류,육류,난류,곡류,,,돼지고기,,,,,,
새우까스*와사비소스,문성일,튀김류,어패류,양념 및 장류,,,,,,,,,,
무우짱아찌,문성일,장아찌류,채소류,,,,,,,,,,,
양상추샐러드,문성일,샐러드류,채소류,,,,,,,,,,,
두반장가지나물,문성일,볶음류,채소류,양념 및 장류,,,,,,,,,,
시금치프리타타,문성일,구이류,채소류,난류,,,,,,,,,,
스틱단무지,문성일,장아찌류,채소류,,,,,,,,,,,
미역줄기,문성일,무침류,해조류,,,,,,,,,,,
오렌지빵,문성일,빵과자류,과일류,난류,,,,,,,,,,
고구마샌드,문성일,빵과자류,채소류,난류,,,,,,,,,,
밀떡볶이,문성일,볶음류,떡류,채소류,양념 및 장류,,,,,,,,,
매쉬드포테이토,문성일,샐러드류,채소류,,,,,,,,,,,
부채살오므라이스,문성일,밥류,육류,난류,,,,소고기,,,,,,
퀘사디아,문성일,빵과자류,난류,,,,,,,,,,,
베이컨치즈베이글,문성일,빵과자류,육류,,,,,돼지고기,,,,,,
그린요거트샐러드,문성일,샐러드류,채소류,양념 및 장류,,,,,,,,,,
메밀전병만두,문성일,구이류,만두류,,,,,,,,,,,
녹차호떡,문성일,전류,난류 ,,,,,,,,,,,
수원왕갈비통닭,문성일,튀김류,육류,,,,,닭고기,,,,,,
어묵피망볶음,문성일,볶음류,묵류,어패류,채소류,,,,,,,,,
건파래볶음,문성일,볶음류,해조류,,,,,,,,,,,
맑은만두육개장,문성일,국탕류,만두류,,,,,,,,,,,
치즈케익,문성일,빵과자류,난류,,,,,,,,,,,
김가루잔파무침,문성일,무침류,해조류,채소류,양념 및 장류,,,,,,,,,
백종원의,문성일,,,,,,,,,,,,,
맛살전,문성일,전류,어패류,난류,,,,,,,,,,
찹쌀도너츠,문성일,빵과자류,난류,곡류,,,,,,,,,,
물만두찜*장,문성일,찜류,만두류,양념 및 장류,,,,,,,,,,
버섯육개장,문성일,국탕류,채소류,,,,,,,,,,,
파닭,문성일,튀김류,육류,채소류,,,,닭고기,,,,,,
비엔나볶음,문성일,볶음류,육류,,,,,돼지고기,,,,,,
두부김칫국,문성일,국탕류,두류,김치류,,,,,,,,,,
볼어묵곤약볶음,문성일,볶음류,묵류,어패류,채소류,,,,,,,,,
샐러드*오리엔탈D,문성일,샐러드류,채소류,양념 및 장류,,,,,,,,,,
버섯맛살볶음,문성일,볶음류,채소류,어패류,,,,,,,,,,
유부주머니된장국,문성일,국탕류,두류,양념 및 장류,,,,,,,,,,
장어강정*데리야끼소스,문성일,튀김류,어패류,양념 및 장류,,,,,,,,,,
새우살호박볶음,문성일,볶음류,어패류,채소류,,,,,,,,,,
콩나물간장조림,문성일,조림류,채소류,양념 및 장류,,,,,,,,,,
가지볶음,문성일,볶음류,채소류,,,,,,,,,,,
버섯죽,문성일,죽류,채소류,곡류,,,,,,,,,,
동태콩나물찜,문성일,찜류,어패류,채소류,,,,,,,,,,
비엔나감자볶음,문성일,볶음류,육류,채소류,,,,돼지고기,,,,,,
갈치구이,문성일,구이류,어패류,,,,,,,,,,,
양배추숙*쌈장,문성일,찜류,채소류,양념 및 장류,,,,,,,,,,
브라우니,문성일,빵과자류,난류 ,,,,,,,,,,,
냉메밀소바,문성일,국수류,면류,양념 및 장류,,,,,,,,,,
감자카레볶음,문성일,볶음류,채소류,양념 및 장류,,,,,,,,,,
소고기장조림,문성일,조림류,육류,,,,,소고기,,,,,,
옛날왕돈가스,문성일,튀김류,육류,,,,,돼지고기,,,,,,
마늘베이컨볶음밥,문성일,밥류,채소류,육류,곡류,,,돼지고기,,,,,,
시금치된장국,문성일,국탕류,채소류,양념 및 장류,,,,,,,,,,
찰떡떡갈비조림,문성일,조림류,육류,,,,,소고기,,,,,,
꽃삼겹김치찜,문성일,찜류,육류,김치류,,,,돼지고기,,,,,,
과일요거트샐러드,문성일,샐러드류,과일류,채소류,,,,,,,,,,
오므라이스,문성일,밥류,난류,채소류,곡류,,,,,,,,,
굴소스해물볶음밥,문성일,밥류,어패류,곡류,채소류,양념 및 장류,,,,,,,,
감자된장찌개,문성일,찌개류,채소류,양념 및 장류,,,,,,,,,,
모카카스테라,문성일,빵과자류,,,,,,,,,,,,
만두튀김,문성일,튀김류,만두류,,,,,,,,,,,
수제고기육전,문성일,전류,육류,채소류,,,,돼지고기,,,,,,
마샐러드,문성일,샐러드류,채소류,,,,,,,,,,,
새우살죽>,문성일,죽류,어패류,곡류,,,,,,,,,,
미니돈까스,문성일,튀김류,육류,,,,,돼지고기,,,,,,
상추치커리무침,문성일,뭋침류,채소류,양념 및 장류,,,,,,,,,,
쫄면무침,문성일,무침류,채소류,면류,,,,,,,,,,
도라지채무침,문성일,무침류,채소류,양념 및 장류,,,,,,,,,,
생깻잎지,문성일,장아찌류,채소류,,,,,,,,,,,
"김말이,고추튀김",문성일,튀김류,해조류,채소류,,,,,,,,,,
미소장국,문성일,국탕류,양념 및 장류,,,,,,,,,,,
애플샌드,문성일,빵과자류,과일류,난류,,,,,,,,,,
솎음열무나물,문성일,무침류,채소류,,,,,,,,,,,
새싹피자,문성일,빵과자류,채소류,,,,,,,,,,,
야채쫄면,문성일,국수류,채소류,면류,,,,,,,,,,
양념김,문성일,단품류,해조류,,,,,,,,,,,
꽁치구이,문성일,구이류,어패류,,,,,,,,,,,
사과맛살초무침,문성일,무침류,어패류,과일류,양념 및 장류,,,,,,,,,
후르츠탕수육,문성일,튀김류,육류,과일류,,,,돼지고기,,,,,,
청포묵무침,문성일,무침류,묵류,양념 및 장류,,,,,,,,,,
돈까스김치나베,문성일,국탕류,육류,김치류,,,,돼지고기,,,,,,
돈육고구마강정,문성일,튀김류,육류,채소류,,,,돼지고기,,,,,,
마늘종숙회,문성일,무침류,채소류,,,,,,,,,,,
얼갈이열무겉절이,문성일,김치류,채소류,,,,,,,,,,,
복주머니딤섬*장,문성일,찜류,만두류,양념 및 장류,,,,,,,,,,
옹심이국,문성일,국탕류,채소류,만두류,,,,,,,,,,
생야채*쌈짱,문성일,샐러드류,양념 및 장류,,,,,,,,,,,
사과주스,문성일,음료 및 주류,과일류,,,,,,,,,,,
무피클,문성일,단품류,채소류,,,,,,,,,,,
흑임자샐러드,문성일,샐러드류,채소류,양념 및 장류,,,,,,,,,,
새우까스*타르타르,문성일,튀김류,어패류,양념 및 장류,,,,,,,,,,
양배추비트피클,문성일,단품류,채소류,,,,,,,,,,,
햄야채샌드,문성일,빵과자류,육류,채소류,,,,돼지고기,,,,,,
유산슬,문성일,볶음류,어패류,채소류,,,,,,,,,,
닭봉오븐구이,문성일,구이류,육류,,,,,닭고기,,,,,,
굴소스볶음밥,문성일,밥류,곡류,양념 및 장류,,,,,,,,,,
매콤부들어묵볶음,문성일,볶음류,묵류,어패류,,,,,,,,,,
미니새송이볶음,문성일,볶음류,채소류,,,,,,,,,,,
양념깻잎지찜,문성일,찜류,채소류,양념 및 장류,,,,,,,,,,
순두부국,문성일,국탕류,두류,,,,,,,,,,,
어묵잡채,문성일,볶음류,묵류,어패류,,,,,,,,,,
시래기조림,문성일,조림류,채소류,,,,,,,,,,,
비트피클,문성일,장아찌류,채소류,,,,,,,,,,,
삼계국밥,문성일,밥류,육류,곡류,,,,닭고기,,,,,,
찹쌀밥,문성일,밥류,곡류,,,,,,,,,,,
땅콩죽,문성일,죽류,곡류,,,,,,,,,,,
컵케익,문성일,빵과자류,난류,,,,,,,,,,,
톳무침,문성일,무침류,해조류,,,,,,,,,,,
두부부침,문성일,무침류,더류,,,,,,,,,,,
치커리사과생채,문성일,무침류,채소류,과일류,,,,,,,,,,
참치마요덮밥,문성일,밥류,어패류,양념 및 장류,,,,,,,,,,
콩비지찌개,문성일,찌개류, 두류,,,,,,,,,,,
조갯살근대국,문성일,국탕류,어패류,채소류,,,,,,,,,,
쪽파무침,문성일,무침류,채소류,양념 및 장류,,,,,,,,,,
북어무우국,문성일,국탕류,어패류,채소류,,,,,,,,,,
달래오이생채,문성일,무침류,채소류,,,,,,,,,,,
메밀비빔국수,문성일,국수류,채소류,면류,양념 및 장류,,,,,,,,,
시금치죽,문성일,죽류,곡류,채소류,,,,,,,,,,
삼치구이*와사비장,문성일,구이류,어패류,양념 및 장류,,,,,,,,,,
대구지리,문성일,국탕류,어패류,,,,,,,,,,,
수제오떡탕,문성일,국탕류,묵류,어패류,떡류,,,,,,,,,
야채샐러드,문성일,샐러드,채소류,,,,,,,,,,,
가래떡오븐구이,문성일,구이류,떡류,,,,,,,,,,,
우동,문성일,국탕류,면류,,,,,,,,,,,
조갯살아욱국,문성일,국탕류,어패류,채소류,,,,,,,,,,
시래기나물,문성일,무침류,채소류,,,,,,,,,,,
돈육꽈리고추장조림,문성일,조림류,육류,채소류,양념 및 장류,,,,,,,,,
북어콩나물국,문성일,국탕류,어패류,채소류,,,,,,,,,,
피자핫도그,문성일,빵과자류,육류,,,,,돼지고기,,,,,,
흑임자죽,문성일,죽류,곡류,,,,,,,,,,,
갈치양념조림,문성일,조림류,어패류,양념 및 장류,,,,,,,,,,
코다리엿장조림,문성일,조림류,어패류,양념 및 장류,,,,,,,,,,
새우튀김*크림소스,문성일,튀김류,어패류,양념 및 장류,,,,,,,,,,
파프리카해초무침,문성일,무침류,채소류,해조류,,,,,,,,,,
바나나와플,문성일,빵과자류,과일류,,,,,,,,,,,
명란계란찜,문성일,찜류,어패류,난류,,,,,,,,,,
간장깻잎지,문성일,장아찌류,채소류,양념 및 장류,,,,,,,,,,
김계란말이,문성일,구이류,해조류,난류,,,,,,,,,,
길거리토스트,문성일,빵과자류,채소류,난류,,,,,,,,,,
단호박크림스프,문성일,죽류,채소류,,,,,,,,,,,
치즈계란말이,문성일,구이류,난류,,,,,,,,,,,
야채스틱,문성일,튀김류,채소류,,,,,,,,,,,
김칫국,문성일,국탕류,김치류,,,,,,,,,,,
등갈비김치찜,문성일,찜류,육류,김치류,,,,돼지고기,,,,,,
진미채무말랭이무침,문성일,무침류,채소류,양념 및 장류,,,,,,,,,,
동태알탕,문성일,국탕류,어패류,,,,,,,,,,,
제육간장불고기,문성일,볶음류,육류,양념 및 장류,,,,돼지고기,,,,,,
빠에야,문성일,밥류,어패류,곡류,,,,,,,,,,
고추잡채*꽃빵,연제호,볶음류,육류,채소류,,,,돼지고기,,,,,,
고기완자전*케찹,연제호,전류,육류,양념 및 장류,,,,돼지고기,,,,,,
파래김*장,연제호,단품류,해조류,양념 및 장류,,,,,,,,,,
브로콜리*초장,연제호,샐러드류,채소류,양념 및 장류,,,,,,,,,,
도토리묵*장,연제호,무침류,묵류,양념 및 장류,,,,,,,,,,
노각무침,연제호,무침류,채소류,,,,,,,,,,,
오리훈제샌드위치,연제호,빵과자류,육류,,,,,오리고기,,,,,,
"스팸,깻잎전",연제호,전류,육류,채소류,곡류,난류,,돼지고기,,,,,,
삼겹보쌈,연제호,찜류,육류,,,,,돼지고기,,,,,,
무채국,연제호,국탕류,채소류,,,,,,,,,,,
고춧잎무침,연제호,무침류,채소류,,,,,,,,,,,
차돌박이된장찌개,연제호,찌개류,육류,양념 및 장류,,,,소고기,,,,,,
김치황태국,연제호,국탕류,김치류,어패류,,,,,,,,,,
납작군만두*장,연제호,튀김류,만두류,양념 및 장류,,,,,,,,,,
오꼬노미야끼계란말이,연제호,전류,난류,,,,,,,,,,,
봄나물튀김,연제호,튀김류,채소류,,,,,,,,,,,
새우살볶음밥,연제호,밥류,어패류,곡류,,,,,,,,,,
김치순두부찌개,연제호,찌개류,김치류,두류,,,,,,,,,,
단호박피자빵,연제호,빵과자류,채소류 ,,,,,,,,,,,
얼갈이생채,연제호,무침류,채소류,,,,,,,,,,,
우유,연제호,유제품,난류,,,,,,,,,,,
옥수수샌드,연제호,빵과자류,채소류,,,,,,,,,,,
수제연근유자피클,연제호,장아찌류,채소류,,,,,,,,,,,
게살죽,연제호,죽류,어패류,,,,,,,,,,,
토마토시금치달걀볶음,연제호,볶음류,채소류,난류,,,,,,,,,,
까르보나라떡볶이,연제호,볶음류,떡류,,,,,,,,,,,
버섯잡채,연제호,볶음류,채소류,면류,,,,,,,,,,
오렌지케익빵,연제호,빵과자류,과일류,,,,,,,,,,,
소시지오븐구이,연제호,구이류,육류,,,,,돼지고기(?),,,,,,
오리훈제마늘볶음,연제호,볶음류,육류,채소류,,,,오리고기,,,,,,
꽃상추무침,연제호,무침류,채소류,양념 및 장류,,,,,,,,,,
상추+양념장,연제호,샐러드류,채소류,양념 및 장류,,,,,,,,,,
매운순대국,연제호,국탕류,육류,채소류,,,,돼지고기,,,,,,
감자채카레볶음,연제호,볶음류,채소류,,,,,,,,,,,
감자범벅,연제호,샐러드류,채소류,,,,,,,,,,,
또띠아칩,연제호,빵과자류,,,,,,,,,,,,
씨리얼과일샐러드,연제호,샐러드류,채소류,,,,,,,,,,,
당면계란만두,연제호,전류,난류,면류(?),,,,,,,,,,
새우까스*칠리소스,연제호,튀김류,어패류,양념 및 장류,,,,,,,,,,
단무지무침,연제호,무침류,,,,,,,,,,,,
비엔나채소볶음,연제호,볶음류,육류,채소류,,,,돼지고기,,,,,,
해물볶음,연제호,볶음류,어패류,,,,,,,,,,,
생선까스*칠리소스,연제호,튀김류,어패류,양념 및 장류,,,,,,,,,,
감자버터구이,연제호,구이류,채소류,,,,,,,,,,,
고추장멸치볶음,연제호,볶음류,어패류,양념 및 장류,,,,,,,,,,
스팸볶음밥,연제호,밥류,육류,곡류,,,,돼지고기,,,,,,
소고기미역국,연제호,국탕류,육류,해조류,,,,소고기,,,,,,
돈채표고버섯볶음,연제호,볶음류,육류,채소류,,,,돼지고기,,,,,,
비엔나구이*케찹,연제호,구이류,육류,양념 및 장류,,,,돼지고기,,,,,,
미역초무침,연제호,무침류,해조류,,,,,,,,,,,
콩국수,연제호,국수류,두류,면류,,,,,,,,,,
케일쌈밥*씨앗쌈장,연제호,밥류,채소류,곡류,양념 및 장류,,,,,,,,,
전주식콩나물국,연제호,국탕류,채소류,,,,,,,,,,,
과일샐러드,연제호,샐러드류,과일류,,,,,,,,,,,
감자채전*장,연제호,전류,채소류,,,,,,,,,,,
해파리냉채,연제호,무침류,어패류(?)/해조류,,,,,,,,,,,
어묵매운국,연제호,국탕류,묵류,,,,,,,,,,,
동초나물무침,연제호,무침류,채소류,양념 및 장류,,,,,,,,,,
가쯔오장국,연제호,국탕류,양념 및 장류,,,,,,,,,,,
고구마순나물,연제호,무침류,채소류,,,,,,,,,,,
녹두빈대떡*장,연제호,전류,채소류,양념 및 장류,,,,,,,,,,
청경채생채,연제호,무침류,채소류,,,,,,,,,,,
오이피클,연제호,장아찌류,채소류,,,,,,,,,,,
진미채볶음,연제호,볶음류,어패류,,,,,,,,,,,
오이지,연제호,장아찌류,채소류,,,,,,,,,,,
망고드레싱샐러드,연제호,샐러드류,과일류,양념 및 장류,,,,,O,,,,,
시금치무침,연제호,무침류,채소류,,,,,,,,,,,
크래미미역줄기볶음,연제호,볶음류,어패류,해조류,,,,,,,,,,
게살모닝샌드,연제호,빵과자류,어패류,,,,,,O,,,,,
생선까스*타르타르소스,연제호,튀김류,어패류,양념 및 장류,,,,,,,,,,
숙주고기짬뽕,연제호,국탕류,육류,채소류,,,,,,,,,,
오징어&브로컬리숙회,연제호,찜류,어패류,채소류,,,,,,,,,,
옹심이만두국,연제호,국탕류,채소류,만두류,,,,,,,,,,
들깨시래기국,연제호,국탕류,채소류,,,,,,,,,,,
미나리나물무침,연제호,무침류,채소류,,,,,,,,,,,
비트무절임,연제호,장아찌류,채소류,,,,,,,,,,,
연근흑임자샐러드,연제호,샐러드류,채소류,양념 및 장류,,,,,O,,,,,
두부들깨탕,연제호,국탕류,두류,,,,,,,,,,,
해물까스*와사비소스,연제호,튀김류,어패류,양념 및 장류,,,,,,,,,,
얼큰소고기국,연제호,국탕류,육류,,,,,소고기,,,,,,
어묵무침,연제호,무침류,묵류,어패류,,,,,,,,,,
달래된장찌개,연제호,찌개류,채소류,,,,,,,,,,,
어묵꽈리고추볶음,연제호,볶음류,묵류,채소류,,,,,,,,,,
미역장국,연제호,국탕류,해조류,,,,,,,,,,,
닭매운찜,연제호,찜류,육류,,,,,닭고기,,,,,,
잔멸치볶음,연제호,볶음류,어패류,,,,,,,,,,,
돈까스또띠아,연제호,빵과자류,육류,,,,,돼지고기,,,,,,
모둠버섯볶음,연제호,볶음류,채소류,,,,,,,,,,,
청경채겉절이,연제호,김치류,채소류,,,,,,,,,,,
탕수어,연제호,튀김류,어패류,,,,,,,,,,,
수박,연제호,단품류,과일류,,,,,,,,,,,
춘전닭갈비,연제호,구이류,육류,,,,,닭고기,,,,,,
꽃게된장국,연제호,국탕류,어패류,,,,,,,,,,,
돈육강정,연제호,튀김류,육류,,,,,돼지고기,,,,,,
야채햄샌드,연제호,빵과자류,육류,채소류,,,,돼지고기,,,,,,
모듬묵샐러드,연제호,샐러드류,묵류,채소류,,,,,,,,,,
쇠고기덮밥,연제호,밥류,육류,곡류,,,,소고기,,,,,,
해물까스,연제호,튀김류,어패류,,,,,,,,,,,
짬뽕,연제호,국탕류,,,,,,,,,,,,
참치회덮밥,연제호,밥류,어패류,채소류,,,,,,,,,,
옹심이만둣국,연제호,국탕류,채소류,만두류,,,,,,,,,,
코코넛새우튀김,연제호,튀김류,어패류,,,,,,,,,,,
아귀채무침,연제호,무침류,어패류,채소류,,,,,,,,,,
시금치두부무침,연제호,무침류,채소류,두류,,,,,,,,,,
들깨감자국,연제호,국탕류,채소류,,,,,,,,,,,
소고기모듬장조림,연제호,조림류,육류,,,,,소고기,,,,,,
애호박나물,연제호,무침류,채소류,,,,,,,,,,,
두부계란전*양념장,연제호,전류,두류,양념 및 장류,,,,,,,,,,
비빔메밀국수,연제호,국수류,면류,채소류,,,,,,,,,,
멸치아몬드볶음,연제호,볶음류,어패류,,,,,,,,,,,
마카로니치즈범벅,연제호,볶음류,면류,,,,,,,,,,,
황태국수,연제호,국수류,어패류,,,,,,,,,,,
섭산적채소조림,연제호,조림류,육류,채소류,,,,소고기,,,,,,
돈육장조림,연제호,조림류,육류,,,,,돼지고기,,,,,,
꽁치양파조림,연제호,조림류,어패류,채소류,,,,,,,,,,
매운사태조림,연제호,조림류,육류,,,,,소고기,,,,,,
볶음밥,연제호,밥류,곡류,,,,,,,,,,,
새알만두국,연제호,국탕류,떡류,,,,,,,,,,,
야채소시지전*케찹,연제호,전류,육류,채소류,양념 및 장류,,,돼지고기,,,,,,
사천식탕수육,연제호,튀김류,육류,양념 및 장류,,,,돼지고기,,,,,,
냉이된장국,연제호,국탕류,채소류,양념 및 장류,,,,,,,,,,
바나나팬케이크,연제호,빵과자류,과일류,,,,,,,,,,,
북어국,연제호,국탕류,어패류,,,,,,,,,,,
모듬소시지구이,연제호,구이류,육류,,,,,돼지고기,,,,,,
연근땅콩조림,연제호,조림류,채소류,,,,,,,,,,,
닭강정,연제호,튀김류,육류,,,,,돼지고기,,,,,,
나가사끼짬뽕국*라면,연제호,국탕류,어패류,채소류 ,,,,,,,,,,
모둠버섯구이,연제호,구이류,채소류,,,,,,,,,,,
미역국,연제호,국탕류,해조류,,,,,,,,,,,
잡채말이어묵국,연제호,국탕류,어패류,,,,,,,,,,,
소보로빵,연제호,빵과자류,,,,,,,,,,,,
옥수수전,연제호,전류,채소류,,,,,,,,,,,
열무김치국수,연제호,국수류,면류,채소류,,,,,,,,,,
에그샌드,연제호,빵과자류,난류,,,,,,,,,,,
돈육간장볶음,연제호,볶음류,육류,양념 및 장류,,,,돼지고기,,,,,,
크림새우,연제호,볶음류,어패류,,,,,,,,,,,
김치두루치기,연제호,볶음류,육류,김치류,,,,돼지고기,,,,,,
상추쌈,연제호,샐러드류,채소류,,,,,,,,,,,
감자햄볶음,연제호,볶음류,육류,채소류,,,,돼지고기,,,,,,
새우까스*탈탈소스,연제호,튀김류,어패류,양념 및 장류,,,,,,,,,,
스크램블에그,연제호,볶음류,난류,,,,,,,,,,,
김구이,연제호,구이류,해조류,,,,,,,,,,,
토마토샌드위치,연제호,빵과자류,채소류,,,,,,,,,,,
명엽채무침,연제호,무침류,채소류,,,,,,,,,,,
된장찌개,연제호,찌개류,양념 및 장류,,,,,,,,,,,
해물짜장면,연제호,국수류,어패류,,,,,,,,,,,
맑은꽃게탕,연제호,국탕류,어패류,,,,,,,,,,,
버섯매운탕,연제호,국탕류,채소류,,,,,,,,,,,
홍합탕,연제호,국탕류,어패류,,,,,,,,,,,
올챙이만두국,연제호,국탕류,,,,,,,,,,,,
녹두전,연제호,전류,채소료,,,,,,,,,,,
콩나물해장국,연제호,국탕류,채소류,,,,,,,,,,,
고사리볶음,연제호,볶음류,채소류,,,,,,,,,,,
고구마줄기볶음,연제호,볶음류,채소류,,,,,,,,,,,
쇠고기육전,연제호,전류,육류,,,,,소고기,,,,,,
콤비네이션피자,연제호,빵과자류,육류 ,채소류,,,,,,,,,,
베이컨에그슬럿,연제호,빵과자류,육류,난류,,,,돼지고기,,,,,,
닭살냉채,연제호,무침류,육류,채소류,,,,닭고기,,,,,,
햄감자채볶음,연제호,볶음류,육류,채소류,,,,돼지고기,,,,,,
타코야끼,연제호,전류,어패류,,,,,,,,,,,
홍합죽,연제호,죽류,어패류,곡류,,,,,,,,,,
비트채소절임,연제호,무침류,채소류,양념 및 장류,,,,,,,,,,
감자양념조림,연제호,조림류,채소류,,,,,,,,,,,
코코뱅,연제호,조림류,육류,채소류,,,,닭고기,,,,,,
닭갈비,연제호,볶음류,육류,채소류,,,,닭고기,,,,,,
팽이가쯔오장국,연제호,국탕류,채소류,양념 및 장류,,,,,,,,,,
해물땡굴소스볶음,연제호,볶음류,어패류,양념 및 장류,,,,,,,,,,
팥죽,연제호,죽류,곡류,채소류,,,,,,,,,,
배추시래기국,연제호,국탕류,채소류,,,,,,,,,,,
오색떡국,연제호,국탕류,떡류,,,,,,,,,,,
청양해물파전,연제호,전류,채소류,어패류,,,,,,,,,,
감자비엔나볶음,연제호,볶음류,육류,채소류,,,,돼지고기,,,,,,
알감자조림,연제호,조림류,채소류,,,,,,,,,,,
나초콥샐러드,연제호,샐러드류,,채소류,,,,,,,,,,
해물파전,연제호,전류,어패류,,,,,,,,,,,
갈릭파이,연제호,빵과자류,채소류,,,,,,,,,,,
소떡소떡,연제호,튀김류,육류,떡류,,,,돼지고기,,,,,,
모듬소세지구이,연제호,구이류,육류,,,,,돼지고기,,,,,,
콩가루배추국,연제호,국탕류,두류,채소류,,,,,,,,,,
해물청경채볶음,연제호,볶음류,어패류,채소류,,,,,,,,,,
함박스테이크,연제호,구이류,육류,,,,,돼지고기,,,,,,
동파육,연제호,찜류,육류,,,,,돼지고기,,,,,,
해물순두부국,연제호,국탕류,두류,어패류,,,,,,,,,,
콩가루된장국,연제호,국탕류,두류,양념 및 장류,,,,,,,,,,
미니햄버거,연제호,빵과자류,육류,,,,,소고기,,,,,,
통새우김밥,연제호,밥류,어패류,해조류,곡류,,,,,,,,,
유자청제육볶음,연제호,볶음류,과일류,육류,,,,돼지고기,,,,,,
매운순대국밥,연제호,국탕류,육류,채소류,,,,돼지고기,,,,,,
배추김치,연제호,김치류,김치류,,,,,,,,,,,
메추리알꽈리고추조림,연제호,조림류,난류,채소류,,,,,,,,,,
대패삼겹*파채,연제호,구이류,육류,채소류,,,,돼지고기,,,,,,
삼치양념구이,연제호,구이류,어패류,양념 및 장류,,,,,,,,,,
쇠고기매운국,연제호,국탕류,육류,,,,,소고기,,,,,,
자기계발의날,연제호,,,,,,,,,,,,,
도토리묵야채무침,연제호,무침류,묵류,채소류,,,,,,,,,,
돈육간장불고기,연제호,볶음류,육류,양념 및 장류,,,,돼지고기,,,,,,
달래된장국,연제호,국탕류,채소류,양념 및 장류,,,,,,,,,,
깍두기,연제호,김치류,김치류,,,,,,,,,,,
콩나물냉채,연제호,무침류,채소류,,,,,,,,,,,
바게뜨,연제호,빵과자류,,,,,,,,,,,,
매운떡볶이,연제호,볶음류,떡류,,,,,,,,,,,
골뱅이채소무침&실곤약,연제호,무침류,어패류,채소류,양념 및 장류,,,,,,,,,
부추오리엔탈무침,연제호,무침류,채소류,양념 및 장류,,,,,,,,,,
오이무침,연제호,무침류,채소류,양념및 장류,,,,,,,,,,
두부김치국,연제호,국탕류,두류,김치류,,,,,,,,,,
허니슈스트링감자,연제호,튀김류,채소류,,,,,,,,,,,
고등어조림,연제호,조림류,어패류,,,,,,,,,,,
치킨핑거,연제호,튀김류,육류,,,,,치킨류,,,,,,
팽이버섯채소전,연제호,전류,채소류,,,,,,,,,,,
치킨샌드,연제호,빵과자류,육류,,,,,치킨류,,,,,,
낙지죽,연제호,죽류,어패류,곡류,,,,,,,,,,
우엉잡채,연제호,볶음류,채소류,,,,,,,,,,,
호박숙,연제호,죽류,채소류,,,,,,,,,,,
촉촉한치즈빵,연제호,빵과자류,,,,,,,,,,,,
비빔야채만두,연제호,무침류,채소류,만두류,양념 및 장류,,,,,,,,,
야채비빔만두,연제호,무침류,채소류,만두류,양념 및 장류,,,,,,,,,
짜장소스,연제호,단품류,양념 및 장류,,,,,,,,,,,
쥐포무침,연제호,무침류,어패류,양념 및 장류,,,,,,,,,,
꽃빵튀김*연유,연제호,튀김류,,,,,,,,,,,,
고추잡채덮밥,연제호,밥류,채소류,곡류,,,,,,,,,,
모둠묵*양념장,연제호,무침류,묵류,양념 및 장류,,,,,,,,,,
봄동쌈,연제호,샐러드류,채소류,,,,,,,,,,,
두부구이*볶은김치,연제호,구이류,두류,김치류,,,,,,,,,,
비엔나감자조림,연제호,조림류,육류,채소류,,,,돼지고기,,,,,,
미니쌀국수,연제호,국수류,면류,,,,,,,,,,,
브로콜리숙회,연제호,찜류,채소류,,,,,,,,,,,
감자간장조림,연제호,조림류,채소류,양념 및 장류,,,,,,,,,,
짜장잡채밥,연제호,밥류,채소류,곡류,,,,,,,,,,
연유후레쉬,연제호,빵과자류,,,,,,,,,,,,
단호박죽,연제호,죽류,채소류,,,,,,,,,,,
감자프리타타,연제호,전류,채소류,난류,,,,,,,,,,
상추튀김,연제호,튀김류,채소류,,,,,,,,,,,
부추전,연제호,전류,채소류,,,,,,,,,,,
달래새우전,연제호,전류,채소류,해물어패류,,,,,,,,,,
고구마순볶음,연제호,볶음류,채소류,,,,,,,,,,,
누룽지,연제호,밥류,곡류,,,,,,,,,,,
하루야채주스,연제호,음료 및 주류,채소류,,,,,,,,,,,
두부조림,연제호,조림류,두류,양념 및 장류,,,,,,,,,,
고기완자전,연제호,전류,육류,,,,,돼지고기,,,,,,
쑥갓나물,연제호,무침류,채소류,,,,,,,,,,,
메추리알곤약장조림,연제호,조림류,난류,채소류,양념 및 장류,,,,,,,,,
두부고기조림,연제호,조림류,두류,양념 및 장류,,,,,,,,,,
베리베리퐁당요플레,연제호,유제품,과일류,,,,,,,,,,,
참치주먹밥,연제호,밥류,어패류,해조류,곡류,,,,,,,,,
섭산적데리야끼조림,연제호,조림류,육류,양념 및 장류,,,,소고기,,,,,,
포기김치,연제호,김치류,김치류,,,,,,,,,,,
섭산적조림,연제호,조림류,육류,양념 및 장류,,,,소고기,,,,,,
음료,연제호,음료 및 주류,,,,,,,,,,,,
옥수수샐러드,연제호,샐러드류,채소류,,,,,,,,,,,
김치어묵국,연제호,국탕류,김치류,묵류,어패류,,,,,,,,,
홍어채무침,연제호,무침류,어패류,채소류,양념 및 장류,,,,,,,,,
열무물국수,연제호,국수류,채소류,면류,양념 및 장류,,,,,,,,,
비빔만두채소무침,연제호,무침류,만두류,채소류,양념 및 장류,,,,,,,,,
녹차카스테라,연제호,빵과자류,,,,,,,,,,,,
오징어튀김,연제호,튀김류,어패류,,,,,,,,,,,
양배추샐러드&사우전D,연제호,샐러드류,채소류,양념 및 장류,,,,,,,,,,
김치어묵탕,연제호,국탕류,김치류,묵류,어패류,,,,,,,,,
영양닭죽,연제호,죽류,육류,곡류,,,,닭고기,,,,,,
치즈팡샌드,연제호,빵과자류,,,,,,,,,,,,
포도주스,연제호,음료 및 주류,과일류,,,,,,,,,,,
부추오이생채,연제호,무침류,채소류,,,,,,,,,,,
모듬소세지,연제호,구이류,육류,,,,,돼지고기,,,,,,
돈수육*쌈장,연제호,찜류,육류,양념 및 장류,,,,돼지고기,,,,,,
근대나물무침,연제호,무침류,채소류,,,,,,,,,,,
계란,연제호,단품류,난류,,,,,,,,,,,
취나물무침,연제호,무침류,채소류,,,,,,,,,,,
수제오징어튀김,연제호,튀김류,어패류,,,,,,,,,,,
햄치즈샌드위치,연제호,빵과자류,육류,,,,,돼지고기,,,,,,
군고구마,연제호,단품류,채소류,,,,,,,,,,,
새송이죽,연제호,죽류,채소류,곡류,,,,,,,,,,
버섯들깨죽,연제호,죽류,채소류,곡류,,,,,,,,,,
모듬버섯탕수육,연제호,튀김류,채소류,,,,,,,,,,,
근대된장국,연제호,국탕류,채소류,양념 및 장류,,,,,,,,,,
호떡,연제호,빵과자류,난류,,,,,,,,,,,
도라지오이생채,연제호,무침류,채소류,,,,,,,,,,,
과일,연제호,단품류,과일류,,,,,,,,,,,
매운닭찜,연제호,찜류,육류,,,,,닭고기,,,,,,
사과샌드위치,연제호,빵과자류,과일류,,,,,,,,,,,
마늘치킨,연제호,튀김류,육류,채소류,,,,닭고기,,,,,,
파래무침,연제호,무침류,채소류,양념 및 장류,,,,,,,,,,
모짜렐라핫도그,연제호,빵과자류,육류 ,,,,,돼지고기,,,,,,
베이컨숙주볶음,연제호,볶음류,육류,채소류,,,,돼지고기,,,,,,
삼겹살구이,연제호,구이류,육류,,,,,돼지고기,,,,,,
두부구이*양념장,연제호,구이류,두류,양념 및 장류,,,,,,,,,,
고추지무침,연제호,무침류,채소류,양념 및 장류,,,,,,,,,,
중국식볶음밥,연제호,밥류,곡류 ,난류,채소류,,,,,,,,,
오이양파무침,연제호,무침류,채소류,양념 및 장류,,,,,,,,,,
근대국,연제호,국탕류,채소류,,,,,,,,,,,
귤,연제호,단품류,과일류,,,,,,,,,,,
동태전,연제호,전류,어패류,난류,,,,,,,,,,
옛날소시지전*케찹,연제호,전류,육류,양념 및 장류,,,,돼지고기,,,,,,
볶음밥*자장소스,연제호,밥류,곡류,양념 및 장류,채소류,,,,,,,,,
훈제오리구이,연제호,구이류,육류,,,,,오리고기,,,,,,
수제고로케,연제호,튀김류,채소류,난류,,,,,,,,,,
홍합미역국,연제호,국탕류,어패류,해조류,,,,,,,,,,
감자햄조림,연제호,조림류,채소류,육류,,,,돼지고기,,,,,,
버섯햄볶음,연제호,볶음류,채소류,육류,,,,돼지고기,,,,,,
감자만두국,연제호,국탕류,채소류,만두류,,,,,,,,,,
햄에그샌드,연제호,빵과자류,육류,,,,,돼지고기,,,,,,
자기개발의날,연제호,,,,,,,,,,,,,
멸치캐슈넛볶음,연제호,볶음류,어패류,,,,,,,,,,,
양념고추지,연제호,무침류,,,,,,,,,,,,
황태해장국,연제호,국탕류,어패류,,,,,,,,,,,
건파래무침,연제호,무침류,해조류,양념 및 장류,,,,,,,,,,
츄러스,연제호,빵과자류,난류,,,,,,,,,,,
볼어묵고추장볶음,연제호,볶음류,묵류,어패류,양념 및 장류,,,,,,,,,
봄동겉절이,연제호,김치류,채소류,양념 및 장류,,,,,,,,,,
콩나물겨자채,연제호,무침류,채소류,양념 및 장류,,,,,,,,,,
찹쌀순대볶음,연제호,볶음류,육류,채소류,,,,돼지고기,,,,,,
버섯들깨나물,연제호,무침류,채소류,,,,,,,,,,,
콩나물불고기,연제호,볶음류,채소류,육류,,,,돼지고기/소고기,,,,,,
버섯메밀전,연제호,전류,채소류,난류,,,,,,,,,,
돈육모듬장조림,연제호,조림류,육류,,,,,돼지고기,,,,,,
꼬막찜,연제호,찜류,어패류,,,,,,,,,,,
상추무침,연제호,무침류,채소류,양념 및 장류,,,,,,,,,,
소고기매운무국,연제호,국탕류,육류,채소류,,,,소고기,,,,,,
갈치카레구이,연제호,구이류,어패류,양념 및 장류,,,,,,,,,,
메쉬드포테이토,연제호,샐러드류,채소류,,,,,,,,,,,
소불고기,연제호,볶음류,육류,,,,,소고기,,,,,,
우엉어묵볶음,연제호,볶음류,채소류,묵류,어패류,,,,,,,,,
삼색샌드위치,연제호,빵과자류,난류 ,,,,,,,,,,,
알리오올리오파스타,연제호,국수류,면류,채소류,,,,,,,,,,
멕시칸샐러드,연제호,샐러드류,채소류,어패류,양념 및 장류,,,,,,,,,
세발나물오리엔탈무침,연제호,무침류,채소류,양념 및 장류,,,,,,,,,,
돈육가지두반장볶음,연제호,볶음류,육류,채소류,양념 및 장류,,,돼지고기,,,,,,
머위된장무침,연제호,무침류,채소류,양념 및 장류,,,,,,,,,,
두부찜,연제호,찜류,두류,,,,,,,,,,,
채소라면,연제호,국수류,채소류,면류,,,,,,,,,,
우거지국,연제호,국탕류,채소류,,,,,,,,,,,
얼갈이겉절이,연제호,김치류,채소류,양념 및 장류,,,,,,,,,,
고구마치즈구이,연제호,구이류,채소류,,,,,,,,,,,
날치알김치볶음밥,연제호,밥류,어패류,김치류,곡류,,,,,,,,,
주꾸미삼겹살볶음,연제호,밥류,어패류,육류,,,,돼지고기,,,,,,
매운등뼈조림,연제호,조림류,육류,,,,,돼지고기,,,,,,
깐풍아귀,연제호,볶음류,어패류,양념 및 장류,,,,,,,,,,
삼색귤소스무침,연제호,무침류,과일류,채소류,양념 및 장류,,,,,,,,,
미니우동,연제호,국수류,면류,,,,,,,,,,,
브로컬리무침,연제호,무침류,채소류,양념 및 장류,,,,,,,,,,
해물칼국수,연제호,국수류,어패류,면류,,,,,,,,,,
오징어숙회무침,연제호,무침류,어패류,양념 및 장류,,,,,,,,,,
얼큰동태탕,연제호,국탕류,어패류,,,,,,,,,,,
마파두부,연제호,볶음류,두류,양념 및 장류,,,,,,,,,,
낙지볶음덮밥,연제호,밥류,어패류,곡류,,,,,,,,,,
시래기삼치조림,연제호,조림류,어패류,채소류,,,,,,,,,,
브로콜리스프,연제호,죽류,채소류,,,,,,,,,,,
꽈리고추어묵조림,연제호,조림류,채소류,묵류,어패류,,,,,,,,,
사골파국*소면사리,연제호,국탕류,육류,채소류,면류,,,돼지고기,,,,,,
가자미양념조림,연제호,조림류,어패류,양념 및 장류,,,,,,,,,,
뼈감자탕,연제호,국탕류,육류,,,,,돼지고기,,,,,,
BLT샌드,연제호,빵과자류,채소류,육류,,,,돼지고기,,,,,,
가지두반장볶음,연제호,볶음류,채소류,양념 및 장류,,,,,,,,,,
비빔밥,연제호,밥류,곡류,채소류,,,,,,,,,,
볼어묵볶음,연제호,볶음류,묵류,어패류,,,,,,,,,,
셀프무쌈말이,연제호,장아찌류,채소류,,,,,,,,,,,
대추채멸치볶음,연제호,볶음류,대추=채소류?,어패류,,,,,,,,,,
호밧젓국찌개,연제호,국탕류,채소류,어패류,,,,,,,,,,
남친샌드위치,연제호,빵과자류,과일류,채소류,난류,,,,,,,,,
부추김무침,연제호,무침류,채소류,해조류,양념 및 장류,,,,,,,,,
얼갈이된장무침,연제호,무침류,채소류,양념 및 장류,,,,,,,,,,
파인애플주스,연제호,음료 및 주류,과일류,,,,,,,,,,,
맑은콩나물국,연제호,국탕류,채소류,,,,,,,,,,,
열무나물,연제호,무침류,채소류,,,,,,,,,,,
우엉조림,연제호,조림류,채소류,,,,,,,,,,,
맑은연두부탕,연제호,국탕류,두류,,,,,,,,,,,
돼지갈비찜,연제호,찜류,육류,,,,,돼지고기,,,,,,
크로와상샌드,연제호,빵과자류,채소류,난류,,,,,,,,,,
감자채볶음,연제호,볶음류,채소류,,,,,,,,,,,
꼬막비빔밥,연제호,밥류,어패류,곡류,채소류,,,,,,,,,
마제소바,연제호,국수류,면류,양념 및 장류,,,,,,,,,,
조랭이떡국,연제호,국탕류,떡류,,,,,,,,,,,
단팥죽,연제호,죽류,팥(?)=채소류?,떡류,,,,,,,,,,
참나물초장무침,연제호,무침류,채소류,양념 및 장류,,,,,,,,,,
깍둑오이초무침,연제호,무침류,채소류,양념 및 장류,,,,,,,,,,
오징어볶음*소면,연제호,볶음류,어패류,면류,,,,,,,,,,
"고추,양파",연제호,단품류,채소류,,,,,,,,,,,
토마토계란찜,연제호,찜류,채소류,난류,,,,,,,,,,
폭탄주먹밥,연제호,밥류,곡류,해조류,채소류,,,,,,,,,
토마토샐러드*발사믹드레싱,연제호,샐러드류,채소류,양념 및 장류,,,,,,,,,,
실곤약흑임자무침,연제호,무침류,채소류,양념 및 장류,,,,,,,,,,
자반고등어찜,연제호,찜류,어패류,,,,,,,,,,,
돈육피망볶음,연제호,볶음류,육류,채소류,,,,돼지,,,,,,
아삭고추된장무침,연제호,무침류,채소류,양념 및 장류,두류,,,,,,,,,
매운떡볶이*순대찜,연제호,찜류,떡류,육류,채소류,,,돼지,,,,,,
카레홍합찜,연제호,찜류,어패류,,,,,,,,,,,
해물김치전,연제호,전류,김치류,어패류,곡류,,,,,,,,,
낙지볶음,연제호,볶음류,어패류,채소류,,,,,,,,,,
새송이조림,연제호,조림류,채소류,,,,,,,,,,,
단호박샌드,연제호,빵과자류,채소류,난류,곡류,,,,,,,,,
춘장돈육볶음,연제호,볶음류,육류,양념 및 장류,채소류,,,돼지,,,,,,
해물순두부찌개,연제호,찌개류,어패류,두류,,,,,,,,,,
홍시드레싱샐러드,연제호,샐러드류,과일류,채소류,,,,,,,,,,
해물까스&타르타르D,연제호,튀김류,어패류,양념 및 장류,곡류,난류,,,,,,,,
핫케이크,연제호,빵과자류,곡류,난류,,,,,,,,,,
생크림와플,연제호,빵과자류,곡류,난류,,,,,,,,,,
부추겉절이,연제호,김치류,채소류,양념 및 장류,,,,,,,,,,
군만두*초간장,연제호,튀김류,만두류,양념 및 장류,,,,,,,,,,
녹두빈대떡,연제호,전류,채소류,곡류,,,,,,,,,,
순두부백탕,연제호,국탕류,두류,채소류,,,,,,,,,,
맑은감자국,연제호,국탕류,채소류,,,,,,,,,,,
낙지김치죽,연제호,죽류,어패류,김치류,곡류,,,,,,,,,
샌드위치,연제호,빵과자류,곡류,난류,채소류,,,,,,,,,
콘스프,연제호,죽류,채소류,곡류,,,,,,,,,,
배추맑은국,연제호,국탕류,채소류,두류,양념 및 장류,,,,,,,,,
증편,연제호,찜류,떡류,,,,,,,,,,,
크로와상,연제호,빵과자류,곡류,난류,,,,,,,,,,
낙지덮밥,연제호,밥류,어패류,채소류,양념 및 장류,,,,,,,,,
유부우동,연제호,국수류,면류,채소류,어패류,,,,,,,,,
만두,연제호,찜류,만두류,,,,,,,,,,,
섭산적고추장구이,연제호,구이류,육류,양념 및 장류,,,,소,,,,,,
자장소스,연제호,단품류,육류,채소류,,,,돼지,,,,,,
짜장덮밥,연제호,밥류,육류,채소류,곡류,,,돼지,,,,,,
병아리*렌틸콩샐러드,연제호,샐러드류,채소류,,,,,,,,,,,
훈제오리떡볶음,연제호,볶음류,육류,떡류,,,,오리,,,,,,
매콤어묵볶음,연제호,볶음류,어패류,,,,,,,,,,,
꼬치어묵매운탕,연제호,국탕류,어패류,채소류,,,,,,,,,,
우동장국,연제호,국탕류,면류,어패류,양념 및 장류,,,,,,,,,
김치녹두전,연제호,전류,김치류,채소류,곡류,,,,,,,,,
호박잎된장찌개,연제호,찌개류,채소류,두류,양념 및 장류,,,,,,,,,
크림치즈프레즐,연제호,빵과자류,난류,곡류,,,,,,,,,,
두부계란부침*양념,연제호,구이류,두류,난류,양념 및 장류,,,,,,,,,
양송이스프,연제호,죽류,채소류,,,,,,,,,,,
야채쫄면무침,연제호,무침류,면류,채소류,,,,,,,,,,
해물가스*탈탈소스,연제호,튀김류,어패류,난류,곡류,양념 및 장류,,,,,,,,
사과오이초무침,연제호,무침류,과일류,채소류,,,,,,,,,,
매실주스,연제호,음료 및 주류,과일류,,,,,,,,,,,
주꾸미떡볶음,연제호,볶음류,어패류,떡류,,,,,,,,,,
김치두부국,연제호,국탕류,김치류,두류,,,,,,,,,,
비엔나컬리플라워볶음,연제호,볶음류,육류,채소류,,,,돼지,,,,,,
개성감자만두,연제호,찜류,만두류,,,,,,,,,,,
양상추메추리알샐러드,연제호,샐러드류,채소류,난류,,,,,,,,,,
꼬치어묵떡볶이,연제호,볶음류,떡류,어패류,,,,,,,,,,
고등어김치말이,연제호,찜류,어패류,김치류,,,,,,,,,,
영양부추생채,연제호,무침류,채소류,,,,,,,,,,,
동태매운탕,연제호,국탕류,어패류,채소류,,,,,,,,,,
매운소불고기,연제호,볶음류,육류,채소류,,,,소,,,,,,
도라지나물,연제호,무침류,채소류,,,,,,,,,,,
춘천닭갈비,연제호,볶음류,육류,채소류,,,,닭,,,,,,
닭갈비볶음밥,연제호,밥류,육류,채소류,곡류,양념 및 장류,,닭,,,,,,
양파*쌈장,연제호,단품류,양념 및 장류,채소류,,,,,,,,,,
불고기브리또,연제호,빵과자류,육류,채소류,곡류,난류,,소,,,,,,
샐러드파스타,연제호,샐러드류,면류,채소류,,,,,,,,,,
미역줄기볶음,연제호,무침류,해초류,,,,,,,,,,,
수제돈까스,연제호,튀김류,육류,,,,,돼지,,,,,,
치킨무,연제호,장아찌류,채소류,,,,,,,,,,,
재래김*양념장,편도연,단품류,해조류,양념 및 장류,,,,,,,,,,
모듬묵*장,편도연,무침류,묵류,양념 및 장류,,,,,,,,,,
수제치킨까스,편도연,튀김류,,,,,,육류(닭),1,,,,,
새우로제파스타,편도연,면류,면류,,,,,,1,,,,,
비트무생채,편도연,무침류,채소류,,,,,,,,,,,
쇠고기우거지국,편도연,국탕류,채소류,,,,,육류(소),,,,,,
그린빈베이컨볶음,편도연,볶음류,두류,,,,,육류(돼지),,,,,,
콩나물밥*양념장,편도연,밥류,곡류,채소류,양념 및 장류,,,,,,,,,
고갈비구이,편도연,구이류,어패류,,,,,,,,,,,
감자고추장찌개,편도연,찌개류,곡물,,,,,,,,,,,
옛날돈까스,편도연,튀김류,,,,,,육류(돼지),,,,,,
쇠고기무국,편도연,국탕류,채소류,,,,,육류(소),,,,,,
대만식연유샌드위치,편도연,빵과자류,,,,,,,1,,,,,
호박반달나물,편도연,무침류,채소류,,,,,,1,,,,,
생선커틀릿*탈탈소스,편도연,튀김류,어패류,,,,,,1,,,,,
감자튀김,편도연,튀김류,곡물,,,,,,,,,,,
카레돈까스정식,편도연,튀김류,,,,,,육류(돼지),,,,,,
닭가슴살냉채,편도연,무침류,해조류,,,,,육류(닭),,,,,,
궁중떡볶음,편도연,볶음류,떡류,,,,,,,,,,,
온모밀국수,편도연,국수류,면류,,,,,,,,,,,
오렌지,편도연,단품류,과일류,,,,,,,,,,,
콩나물볶음,편도연,볶음류,채소류,,,,,,,,,,,
치커리오이무침,편도연,무침류,,,,,,,,,,,,
땅콩멸치볶음,편도연,볶음류,두류,어패류,,,,,,,,,,
김치참치주먹밥,편도연,밥류,곡류,김치류,어패류,,,,,,,,,
매콤사태찜,편도연,찜류,육류,,,,,소고기,,,,,,
등갈비오븐구이,편도연,구이류,,,,,,육류(돼지),,,,,,
쑥갓두부무침,편도연,무침류,두류,채소류,,,,,,,,,,
카레감자볶음,편도연,볶음류,곡류,,,,,,,,,,,
떡만두국,편도연,국탕류,만두류,떡류,,,,,,,,,,
우엉간장조림,편도연,조림류,채소류,양념 및 장류,,,,,,,,,,
호두죽,편도연,조림류,곡류,,,,,,,,,,,
캔꽁치무조림,편도연,조림류,어패류,,,,,,,,,,,
감자조림,편도연,조림류,곡류,,,,,,,,,,,
펜네베이컨샐러드,편도연,샐러드류,채소류,육류,,,,돼지,1,,,,,
낙지볶음*소면,편도연,볶음류,어패류,면류,,,,,,,,,,
멸치크랜베리볶음,편도연,볶음류,어패류,과일류,,,,,,,,,,
탕수육,편도연,튀김류,육류,,,,,육류(돼지),,,,,,
버섯불고기,편도연,볶음류,,,,,,육류(소),,,,,,
꼬치어묵탕,편도연,국탕류,어패류,,,,,,,,,,,
지리멸치볶음,편도연,볶음류,어패류,,,,,,,,,,,
참나물땅콩가루무침,편도연,무침류,채소류,,,,,,,,,,,
후난식볶음밥,편도연,밥류,곡류,,,,,,,,,,,
봄동된장국,편도연,국탕류,채소류,,,,,,,,,,,
콘샐러드,편도연,볶음류,채소류,곡류,,,,,,,,,,
쇠고기낙지볶음,편도연,찜류,어패류,,,,,육류(소),,,,,,
단호박치즈해물찜,편도연,찜류,채소류,,,,,,,,,,,
청경채무침,편도연,무침류,채소류,,,,,,,,,,,
날＞,편도연,,,,,,,,,,,,,
사과청경채무침,편도연,무침류,채소류,과일류,,,,,,,,,,
미니쫄우동*맛살튀김,편도연,국수류,면류,어패류,,,,,,,,,,
리코타치즈샐러드,편도연,샐러드류,,,,,,,,,,,,
고르곤졸라피자,편도연,빵과자류,,,,,,,,,,,,
풋고추양파무침,편도연,무침류,채소류,,,,,,,,,,,
모시조개시금치국,편도연,국탕류,어패류,채소류,,,,,,,,,,
마늘쫑햄볶음,편도연,볶음류,채소류,,,,,육류(돼지),,,,,,
브로컬리꽃맛살샐러드,편도연,샐러드류,채소류,,,,,,,,,,,
해물떡볶이,편도연,볶음류,떡류,,,,,,,,,,,
브로컬리들깨찜,편도연,찜류,채소류,,,,,,,,,,,
깻잎쌈*청양마요소스,편도연,샐러드류,채소류,,,,,,,,,,,
호박나물,편도연,무침류,채소류,,,,,,,,,,,
춘권,편도연,튀김류,채소류,,,,,,,,,,,
김가루실파무침,편도연,무침류,해조류,채소류,,,,,,,,,,
요구르트,편도연,유제품류,,,,,,,,,,,,
컬리플라워샐러드,편도연,샐러드류,채소류,,,,,,,,,,,
고구마치즈돈까스,편도연,튀김류,곡류,,,,,육류(돼지),,,,,,
비트무피클,편도연,장아찌류,채소,,,,,,,,,,,
차돌박이찌개,편도연,찌개류,,,,,,육류(소),,,,,,
무말랭이무침,편도연,무침류,채소,,,,,,,,,,,
야채전,편도연,전류,채소,,,,,,,,,,,
고구마그라탕,편도연,구이류,곡류,,,,,,,,,,,
카레감자채볶음,편도연,볶음류,곡류,,,,,,,,,,,
크림치즈와플,편도연,빵과자류,,,,,,,1,,,,,
사골우거지국,편도연,국탕류,채소류,육류,,,,소고기,,,,,,
양파치킨,편도연,튀김류,채소류,,,,,육류(닭),,,,,,
머위대초무침,편도연,무침류,채소류,,,,,,,,,,,
오징어야채무침,편도연,무침류,채소류,어패류,,,,,,,,,,
가자미구이,편도연,구이류,어패류,,,,,,,,,,,
모듬쌈,편도연,샐러드류,채소류,,,,,,,,,,,
양배추쌈,편도연,찜류,채소류,,,,,,,,,,,
브로컬리두부무침,편도연,무침류,채소류,두류,,,,,,,,,,
비엔나곤약조림,편도연,조림류,육류,묵류,,,,,,,,,,
땅콩조림,편도연,조림류,곡류,,,,,,,,,,,
콘슬로우,편도연,샐러드류,곡류,,,,,,,,,,,
컵라면&찐계란,편도연,국수류,단품,난류,,,,,,,,,,
온두부,편도연,단품류,두류,,,,,,,,,,,
배추겉절이,편도연,김치류,김치류,,,,,,,,,,,
스틱치즈케익,편도연,빵과자류,단품류,,,,,,1,,,,,
후리가케덮밥,편도연,밥류,양념 및 장류,,,,,,,,,,,
닭윙강정튀김,편도연,튀김류,,,,,,닭,,,,,,
순살닭강정,편도연,튀김류,,,,,,닭,,,,,,
훈제오리볶음,편도연,볶음류,,,,,,오리,,,,,,
단배추겉절이,편도연,김치류,김치류,,,,,,,,,,,
햄치즈또띠아,편도연,빵과자류,,,,,,,1,,,,,
우엉땅콩조림,편도연,조림류,두류,,,,,,,,,,,
꼬지어묵우동,편도연,국탕류,어패류,면류,,,,,,,,,,
돌나물&된장소스,편도연,무침류,채소류,양념 및 장류,,,,,,,,,,
적어양념구이,편도연,구이류,어패류,양념 및 장류,,,,,,,,,,
파채*소스,편도연,무침류,채소류,양념 및 장류,,,,,,,,,,
페스츄리,편도연,빵과자류,,,,,,,1,,,,,
수수부꾸미,편도연,전류,떡류,,,,,,,,,,,
고구마순들깨볶음,편도연,볶음류,곡류,채소류,,,,,,,,,,
탕평채,편도연,무침류,,,,,,,,,,,,
감귤쥬스,편도연,음료 및 주류,,,,,,,,,,,,
온메밀소바,편도연,국수류,면류,,,,,,,,,,,
너비아니*부추생채,편도연,구이류,,,,,,육류(소),,,,,,
수제돈가스&소스,편도연,튀김류,,,,,,육류(돼지),,,,,,
통아몬드멸치볶음,편도연,볶음류,어패류,두류,,,,,,,,,,
굴소스파인볶음밥,편도연,밥류,곡류,어패류,양념 및 장류,,,,,,,,,
망고주스,편도연,음료 및 주류,,,,,,,,,,,,
산고추지무침,편도연,무침류,채소류,,,,,,,,,,,
김치찌개,편도연,찌개류,김치류,,,,,,,,,,,
잡곡밥,편도연,밥류,곡류,,,,,,,,,,,
두부동그랑땡,편도연,전류,,,,,,,,,,,,
버섯매운국,편도연,국탕류,,,,,,,,,,,,
브로컬리초회,편도연,찜류,채소류,,,,,,,,,,,
해쉬포테이토*케찹,편도연,튀김류,곡류,,,,,,,,,,,
쪽파숙회,편도연,찜류,채소류,,,,,,,,,,,
쇠고기마늘죽,편도연,죽류,,,,,,육류(소),,,,,,
도라지볶음,편도연,볶음류,채소류,,,,,,,,,,,
무비트생채,편도연,무침류,채소류,,,,,,,,,,,
호박된장국,편도연,국탕류,채소류,,,,,,,,,,,
닭볶음탕,편도연,볶음류,,,,,,육류(닭),,,,,,
애플카레라이스,편도연,밥류,과일류,양념 및 장류,,,,,1,,,,,
단감치커리무침,편도연,무침류,양념 및 장류,채소류,과일류,,,,,,,,,
수제부들어묵잡채튀김,편도연,튀김류,어패류,,,,,,,,,,,
뼈없는감자탕,편도연,국탕류,육류,채소류,,,,육류(돼지),,,,,,
명엽채고추장볶음,편도연,볶음류,채소류,,,,,,,,,,,
브로컬리들깨소스,편도연,찜류,채소류,,,,,,,,,,,
깻순나물,편도연,무침류,채소류,,,,,,,,,,,
깐풍육,편도연,튀김류,육류,,,,,육류(돼지),,,,,,
영양부추무침,편도연,무침류,채소류,,,,,,,,,,,
소시지볶음,편도연,볶음류,,,,,,육류(돼지),,,,,,
열무된장국,편도연,국탕류,채소류,양념 및 장류,,,,,,,,,,
팬케익,편도연,빵과자류,,,,,,,1,,,,,
연유꽃빵튀김,편도연,튀김류,,,,,,,1,,,,,
가쯔오국,편도연,국탕류,양념 및 장류,,,,,,,,,,,
양상추샐러드*오리엔탈D,편도연,샐러드류,채소류,,,,,,,,,,,
삼치튀김*데리소스,편도연,튀김류,어패류,,,,,,,,,,,
트위스터버거,편도연,빵과자류,,,,,,,1,,,,,
소고기낙지볶음,편도연,볶음류,,,,,,육류(소),,,,,,
감자튀김*케찹,편도연,튀김류,곡류,,,,,,,,,,,
브로컬리초장,편도연,찜류,채소류,,,,,,,,,,,
참치샌드,편도연,빵과자류,어패류,,,,,,,,,,,
호빵,편도연,빵과자류,,,,,,,,,,,,
콩나물무침,편도연,무침류,채소류,,,,,,,,,,,
대구찌개,편도연,찌개류,어패류,,,,,,,,,,,
순두부백탕*간장,편도연,국탕류,두류,,,,,,,,,,,
물파래전,편도연,전류,해조류,,,,,,,,,,,
가지마파두부,편도연,볶음류,두류,채소류,,,,,,,,,,
토란국,편도연,국탕류,채소류,,,,,,,,,,,
수제고기깻잎전,편도연,전류,채소류,,,,,육류,,,,,,
파김치,편도연,김치류,김치류,,,,,,,,,,,
호박맑은국,편도연,국탕류,채소류,,,,,,,,,,,
취나물,편도연,무침류,채소류,,,,,,,,,,,
소라살죽,편도연,죽류,곡류,,,,,,,,,,,
돌나물초장,편도연,무침류,채소류,,,,,,,,,,,
도토리묵채소무침,편도연,무침류,묵류,채소류,,,,,,,,,,
근대감자국,편도연,국탕류,곡류,,,,,,,,,,,
가지양파나물,편도연,무침류,,,,,,육류(소),,,,,,
쇠불고기,편도연,볶음류,채소류,,,,,소,,,,,,
호박새우젓찌개,편도연,찌개류,어패류,채소류,,,,,,,,,,
숙주나물당근무침,편도연,무침류,채소류,,,,,,,,,,,
매운감자조림,편도연,조림류,곡류,,,,,,,,,,,
건새우무채국,편도연,국탕류,어패류,채소류,,,,,,,,,,
대만샌드위치,편도연,빵과자류,,,,,,,1,,,,,
오이선,편도연,장아찌류,,,,,,,,,,,,
미역죽,편도연,죽류,곡류,해조류,,,,,,,,,,
호박고구마오븐구이,편도연,구이류,채소류,곡류,,,,,,,,,,
돈사태찜,편도연,찜류,,,,,,육류(소),,,,,,
삼겹살볶음밥,편도연,밥류,곡류,,,,,육류(돼지),,,,,,
BLT샌드위치,편도연,빵과자류,,,,,,,1,,,,,
비타민샐러드*요거트D,편도연,샐러드류,채소류,,,,,,,,,,,
해물까스*칠리소스,편도연,튀김류,,,,,,,,,,,,
유부김치국,편도연,국탕류,김치류,,,,,,,,,,,
고구마맛탕,편도연,튀김류,곡류,,,,,,,,,,,
오곡죽,편도연,죽류,곡류,,,,,,,,,,,
쑥갓생무침,편도연,무침류,채소류,,,,,,,,,,,
애플망고두유,편도연,음료,,,,,,,,,,,,
도라지오이무침,편도연,무침류,채소류,,,,,,,,,,,
카스텔라,편도연,빵과자류,,,,,,,1,,,,,
쇠고기죽,편도연,죽류,곡류,,,,,육류(소),,,,,,
버섯국,편도연,국탕류,,,,,,,,,,,,
채소튀김*장,편도연,튀김류,채소류,,,,,,,,,,,
방어양념장구이,편도연,구이류,어패류,,,,,,,,,,,
마늘쫑맛살볶음,편도연,볶음류,채소류,,,,,,,,,,,
참치샐러드,편도연,샐러드류,어패류,채소류,,,,,,,,,,
모닝빵,편도연,빵과자류,,,,,,,1,,,,,
땡초주먹밥,편도연,밥류,곡류,채소류,,,,,,,,,,
베이컨샌드위치,편도연,빵과자류,,,,,,,1,,,,,
모둠과일,편도연,샐러드류,과일류,,,,,,,,,,,
참치채소죽,편도연,죽류,채소류,곡류,,,,,,,,,,
제육김치덮밥,편도연,밥류,김치류,,,,,육류(돼지),,,,,,
실곤약야채무침,편도연,무침류,채소류,묵류,,,,,,,,,,
매생이전,편도연,전류,해조류,,,,,,,,,,,
단무지,편도연,장아찌류,,,,,,,,,,,,
사과롤케익,편도연,빵과자류,과일류,,,,,,1,,,,,
참치새드,편도연,빵과자류,어패류,,,,,,1,,,,,
흑미두부죽,편도연,죽류,곡류,두류,,,,,,,,,,
궁중떡볶이,편도연,볶음류,떡류,,,,,,,,,,,
오징어어묵무침,편도연,무침류,,,,,,,,,,,,
해물수제비,편도연,국탕류,,,,,,,,,,,,
마약토스트,편도연,빵과자류,,,,,,,1,,,,,
누룽지탕수육,편도연,튀김류,,,,,,육류(돼지),,,,,,
짜장면,편도연,국수류,면류,,,,,,,,,,,
김자반,편도연,단품류,해조류,,,,,,,,,,,
바지락쑥국,편도연,국탕류,어패류,채소류,,,,,,,,,,
고구마떡볶이,편도연,볶음류,곡류,떡류,,,,,,,,,,
북엇국,편도연,국탕류,어패류,,,,,,,,,,,
비엔나소세지볶음,편도연,볶음류,,,,,,육류(돼지),,,,,,
수제불고기버거,편도연,빵과자류,,,,,,육류(소),1,,,,,
무채유자무침,편도연,무침류,채소류,,,,,,,,,,,
오이양배추피클,편도연,장아찌류,채소류,,,,,,,,,,,
참나물무침,편도연,무침류,채소류,,,,,,,,,,,
연두부샐러드,편도연,샐러드류,채소류,두류,,,,,,,,,,
김밥볶음밥,편도연,밥류,곡류,,,,,,,,,,,
미니짬뽕,편도연,국탕류,면류,,,,,,,,,,,
실곤약채소무침,편도연,무침류,채소류,묵류,,,,,,,,,,
새송이고추장구이,편도연,구이류,,,,,,,,,,,,
완두콩스프,편도연,죽류,,,,,,,,,,,,
야채부케*쌈장,편도연,샐러드류,채소류,,,,,,,,,,,
닭가슴살겨자무침,편도연,무침류,,,,,,육류(닭),,,,,,
매생이떡국,편도연,국탕류,떡류,해조류,,,,,,,,,,
무나물,편도연,무침류,채소류,,,,,,,,,,,
유자청돈육볶음,편도연,볶음류,과일,,,,,육류(돼지),,,,,,
오징어떡볶음,편도연,볶음류,떡류,,,,,,,,,,,
쫄면비빔만두,편도연,국수류,만두류,면류,,,,,,,,,,
푸딩,편도연,유제품,,,,,,,1,,,,,
매운닭개장,편도연,국탕류,,,,,,육류(닭),,,,,,
빌소세지구이*구운채소,편도연,구이류,채소류,,,,,육류(돼지),,,,,,
오이볶음,편도연,볶음류,채소류,,,,,,,,,,,
비빔칼국수,편도연,국수류,면류,,,,,,,,,,,
감자채파프리카볶음,편도연,볶음류,곡류,채소류,,,,,,,,,,
바지락수제비,편도연,국수류,어패류,,,,,,,,,,,
풍기샐러드,편도연,샐러드류,,,,,,,,,,,,
토마토스파게티,편도연,국수류,면류,,,,,,,,,,,
새우또띠아,편도연,빵과자류,,,,,,,1,,,,,
상추초무침,편도연,무침류,채소류,,,,,,,,,,,
동그랑땡강정,편도연,튀김류,채소류,육류,난류,,,,,,,,,
애플파이,편도연,빵과자류,과일류,,,,,,1,,,,,
해물동그랑땡,편도연,전류,어패류,채소류,난류,,,,,,,,,
주먹밥,편도연,밥류,,,,,,,,,,,,
깻잎순나물볶음,편도연,볶음류,채소류,,,,,,,,,,,
두부새우젓국,편도연,국탕류,어패류,두류,,,,,,,,,,
라즈베리빵,편도연,빵과자류,,,,,,,1,,,,,
연두부*양념,편도연,단품류,두류,양념 및 장류,,,,,,,,,,
아귀매운탕,편도연,국탕류,어패류,,,,,,,,,,,
＜자기,편도연,,,,,,,,,,,,,
팥호빵,편도연,빵과자류,,,,,,,1,,,,,
모둠튀김*초간장,편도연,튀김류,채소류,양념 및 장류,,,,,,,,,,
열대과일샐러드,편도연,샐러드류,과일류,채소류,,,,,,,,,,
크랜베리멸치볶음,편도연,볶음류,어패류,과일류,,,,,,,,,,
인절미치킨,편도연,튀김류,,,,,,육류(닭),,,,,,
연근조림,편도연,조림류,,,,,,,,,,,,
아귀콩나물찜,편도연,찜류,어패류,,,,,,,,,,,
굴미역국,편도연,국탕류,어패류,해조류,,,,,,,,,,
부추생채,편도연,무침류,채소류,,,,,,,,,,,
땅콩멸치조림,편도연,조림류,어패류,,,,,,,,,,,
들깨무채국,편도연,국탕류,채소류,,,,,,,,,,,
연두부*양념장,편도연,단품류,두류,,,,,,,,,,,
콩나물김칫국,편도연,국탕류,채소류,김치류,,,,,,,,,,
계발의,편도연,,,,,,,,,,,,,
방울토마토,편도연,단품류,과일류,,,,,,,,,,,
비타민샐러드,편도연,샐러드류,채소류,,,,,,,,,,,
시저샐러드,편도연,샐러드류,채소류,,,,,,,,,,,
통도라지구이,편도연,구이류,채소류,,,,,,,,,,,
바지락살국,편도연,국탕류,어패류,,,,,,,,,,,
쫄면야채무침,편도연,무침류,면류,채소류,,,,,,,,,,
사각어묵무침,편도연,무침류,어패류,,,,,,,,,,,
매운감자국,편도연,국탕류,곡류,,,,,,,,,,,
오이달래무침,편도연,무침류,채소류,,,,,,,,,,,
콥샐러드,편도연,샐러드류,곡류,,,,,,,,,,,
꽁치김치찜,편도연,찜류,어패류,김치류,,,,,,,,,,
새우미역초무침,편도연,무침류,어패류,해조류,,,,,,,,,,
삼치양념찜,편도연,찜류,어패류,,,,,,,,,,,
콩나물파채무침,편도연,무침류,채소류,,,,,,,,,,,
돼지고기장조림,편도연,조림류,,,,,,육류(돼지),,,,,,
해라피겨자채,편도연,무침류,채소류,어패류',,,,,,,,,,
찐계란,편도연,찜류,,,,,,,,,,,,
깻잎찜,편도연,찜류,채소류,,,,,,,,,,,
라볶이,편도연,볶음류,면류,,,,,,,,,,,
치킨퀘사디야,편도연,빵과자류,,,,,,육류(닭),1,,,,,
가지된장무침,편도연,무침류,채소류,,,,,,,,,,,
삶은계란,편도연,단품류,,,,,,,,,,,,
고들빼기무침,편도연,무침류,채소류,,,,,,,,,,,
김실파무침,편도연,무침류,채소류,,,,,,,,,,,
고르곤졸라,편도연,빵과자류,,,,,,,1,,,,,
토마토,편도연,단품류,과일류,,,,,,,,,,,
피자토스트,편도연,빵과자류,,,,,,,1,,,,,
홍합살미역국,편도연,국탕류,어패류,해조류,,,,,,,,,,
샐러드*땅콩소스,편도연,샐러드류,,,,,,,,,,,,
베이글,편도연,빵과자류,,,,,,,1,,,,,
무초절이,편도연,장아찌류,채소류,,,,,,,,,,,
콩나물김치국,편도연,국탕류,채소류,김치류,,,,,,,,,,
땅콩아몬드조림,편도연,조림류,,,,,,,,,,,,
닭불고기,편도연,볶음류,,,,,,소,,,,,,
청포묵야채무침,편도연,무침류,묵류,채소류,,,,,,,,,,
쇠고기국,편도연,국탕류,,,,,,육류(소),,,,,,
황태두부국,편도연,국탕류,어패류,,,,,,,,,,,
시금치고추장국,편도연,국탕류,채소류,,,,,,,,,,,
고구마범벅,편도연,무침류,곡류,,,,,,,,,,,
단무지채무침,편도연,무침류,채소류,,,,,,,,,,,
참치모닝샌드,편도연,빵과자류,어패류,,,,,,,,,,,
톳두부무침,편도연,무침류,해조류,두류,,,,,,,,,,
해물짬뽕국,편도연,국탕류,어패류,채소류,,,,,,,,,,
피크닉,편도연,음료,,,,,,,,,,,,
동그랑땡전,편도연,전류 ,육류,난류,채소류,곡류,,,,,,,,
팽이버섯부추무침,편도연,무침류,,,,,,,,,,,,
만가닥버섯불고기,편도연,볶음류,,,,,,소,,,,,,
고구마오븐구이,편도연,구이류,곡류,,,,,,,,,,,
마늘쫑메추리알조림,편도연,조림류,채소류,난류,,,,,,,,,,
연유버터베이글,편도연,빵과자류,,,,,,,1,,,,,
잔치국수,편도연,국수류,면류,,,,,,,,,,,
쇠고기우엉볶음,편도연,볶음류,,,,,,육류(소),,,,,,
연두부탕,편도연,국탕류,두류,,,,,,,,,,,
통새우또띠아,편도연,빵과자류,,,,,,,1,,,,,
돈육김치볶음,편도연,볶음류,,,,,,육류(돼지ㅒ,,,,,,
후르츠팬케익,편도연,빵과자류,,,,,,,1,,,,,
딸기생크림와플,편도연,빵과자류,,,,,,,1,,,,,
부추만두,편도연,찜류,만두류,,,,,,,,,,,
수제미니햄버거,편도연,빵과자류,,,,,,,1,,,,,
미트볼떡조림,편도연,조림류,떡류,,,,,육류(돼지),,,,,,
소고기계란장조림,편도연,조림류,난류,,,,,육류(소),,,,,,
버섯들깨탕,편도연,국탕류,채소류,,,,,,,,,,,
부대찌개*라면사리,편도연,찌개류,,,,,,,,,,,,
오이무피클,편도연,장아찌류,채소,,,,,,,,,,,
멸치볶음,편도연,볶음류,어패류,,,,,,,,,,,
키위그린샐러드,편도연,샐러드류,과일,채소,,,,,,,,,,
새우살미역국,편도연,국탕류,어패,해조,,,,,,,,,,
고등어구이,편도연,구이류,어패,,,,,,,,,,,
키위드레싱샐러드,편도연,샐러드류,과일,채소,,,,,,,,,,
절인고추,편도연,장아찌류,,,,,,,,,,,,
모둠튀김,편도연,튀김류,,,,,,,,,,,,
시금치나물무침,편도연,무침류,채소,,,,,,,,,,,
투움바스파게티,편도연,국수류,면,,,,,,1,,,,,
타꼬야끼,편도연,구이류,,,,,,,1,,,,,
건새우호박채전,편도연,전류,어패류,채소,,,,,,,,,,
북어맑은국,편도연,국탕류,어패,,,,,,,,,,,
취나물된장무침,편도연,무침류,채소,,,,,,,,,,,
참나물겉절이,편도연,김치류,채소,김치류,,,,,,,,,,
단호박스프,편도연,죽류,채소,,,,,,1,,,,,
생파김치,편도연,김치류,김치,,,,,,,,,,,
루꼴라샐러드,편도연,샐러드류,채소류,,,,,,,,,,,
꼬치어묵국,편도연,국탕류,어패류,,,,,,,,,,,
건새우무조림,편도연,조림류,어패류,채소류,,,,,,,,,,
단배추들깨무침,편도연,무침류,채소류,,,,,,,,,,,
팝콘치킨*데리야끼소스,편도연,튀김류,,,,,,육류(닭),,,,,,
크랜베리단호박샐러드,편도연,샐러드류,채소류,,,,,,,,,,,
블루베리사과샌드,편도연,빵과자류,과일,,,,,,1,,,,,
미역무침,편도연,무침류,해조류,,,,,,,,,,,
고기전,편도연,전류,,,,,,육류,,,,,,
오징어볶음,편도연,볶음류,,,,,,,,,,,,
탕수만두,편도연,튀김류,만두류,,,,,,,,,,,
토마토샌드,편도연,빵과자류,과일류,,,,,,1,,,,,
맑은순두부국,편도연,국탕류,두류,채소류,,,,,,,,,,
비엘티샌드위치,편도연,빵과자류,육류,채소류,곡류,난류,,돼지,1,,,,,
해물된장찌개,편도연,찌개류,어패류,두류,양념 및 장류,,,,,,,,,
간장마늘치킨,편도연,튀김류,육류,채소류,난류,곡류,,닭,,,,,,
고추잡채&꽃빵,편도연,볶음류,육류,곡류,채소류,,,돼지,,,,,,
밤죽,편도연,죽류,채소류,곡류,,,,,,,,,,
냉이된장찌개,편도연,찌개류,두류,채소류,양념 및 장류,,,,,,,,,
김치고기전,편도연,전류,육류,김치류,난류,두류,,돼지,,,,,,
참치야채,편도연,샐러드류,어패류,채소류,,,,,,,,,,
꽈리고추멸치볶음,편도연,볶음류,어패류,채소류,,,,,,,,,,
유부채소겨자냉채,편도연,무침류,두류,채소류,양념 및 장류,,,,,,,,,
가지무침,편도연,무침류,채소류,,,,,,,,,,,
소고기채소죽,편도연,죽류,육류,채소류,곡류,,,소,,,,,,
브로컬리들깨무침,편도연,무침류,채소류,곡류,,,,,,,,,,
미나리무침,편도연,무침류,채소류,,,,,,,,,,,
부추팽이버섯생채무침,편도연,무침류,채소류,,,,,,,,,,,
두부스테이크,편도연,구이류,두류,,,,,,,,,,,
모둠채소무침,편도연,무침류,채소류,,,,,,,,,,,
우거지탕,편도연,국탕류,두류,채소류,,,,,,,,,,
유채된장무침,편도연,무침류,두류,채소류,양념 및 장류,,,,,,,,,
모듬양채쌈,편도연,샐러드류,채소류,,,,,,,,,,,
컵주스,편도연,음료 및 주류,과일류,,,,,,,,,,,
단호박카레라이스,편도연,밥류,육류,채소류,,,,돼지,,,,,,
사과,편도연,단품류,과일류,,,,,,,,,,,
해초레몬무침,편도연,무침류,해조류,과일류,,,,,,,,,,
수제두부동그랑땡,편도연,전류,난류,곡류,두류,,,,,,,,,
단호박두부탕수,편도연,튀김류,채소류,두류,곡류,난류,,,,,,,,
김자반볶음,편도연,볶음류,해조류,,,,,,,,,,,
새우야채죽,편도연,죽류,어패류,채소류,곡류,,,,,,,,,
새알미역국,편도연,국탕류,곡류,해조류,,,,,,,,,,
짠지오이무침,편도연,무침류,채소류,,,,,,,,,,,
나박물김치,편도연,김치류,채소류,,,,,,,,,,,
야채주먹밥,편도연,밥류,곡류,채소류,,,,,,,,,,
우불고기볶음,편도연,볶음류,육류,채소류,,,,소,,,,,,
가지나물,편도연,무침류,채소류,,,,,,,,,,,
시래기국,편도연,국탕류,채소류,,,,,,,,,,,
목살김치찌개,편도연,찌개류,육류,김치류,,,,돼지,,,,,,
도라지초무침,편도연,무침류,채소류,,,,,,,,,,,
견과류죽,편도연,죽류,두류,곡류,,,,,,,,,,
느타리버섯국,편도연,국탕류,채소류,,,,,,,,,,,
오징어젓무침,편도연,무침류,어패류,양념 및 장류,,,,,,,,,,
메추리알치즈떡볶이,편도연,볶음류,난류,떡류,,,,,,,,,,
근대두부된장국,편도연,국탕류,채소류,두류,양념 및 장류,,,,,,,,,
내사랑포도,편도연,단품류,과일류,,,,,,,,,,,
볼어묵조림,편도연,조림류,어패류,,,,,,,,,,,
매생이굴국,편도연,국탕류,해조류,어패류,,,,,,,,,,
김치죽,편도연,죽류,김치류,곡류,,,,,,,,,,
수삼닭죽,편도연,죽류,육류,채소류,곡류,,,닭,,,,,,
새싹두부구이,편도연,구이류,두류,채소류,,,,,,,,,,
대구탕,편도연,국탕류,어패류,채소류,,,,,,,,,,
소고기된장찌개,편도연,찌개류,육류,두류,양념 및 장류,채소류,,소,,,,,,
장아찌,편도연,장아찌류,채소류,,,,,,,,,,,
새우만두*장,편도연,찜류,만두류,어패류,양념 및 장류,,,,,,,,,
모듬떡볶이,편도연,볶음류,떡류,채소류,,,,,,,,,,
주꾸미무침,편도연,무침류,어패류,채소류,,,,,,,,,,
비엔나브로콜리볶음,편도연,볶음류,육류,채소류,,,,돼지,,,,,,
달래오이무침,편도연,무침류,채소류,,,,,,,,,,,
메밀전,편도연,전류,곡류,,,,,,,,,,,
느타리볶음,편도연,볶음류,채소류,,,,,,,,,,,
파운드케익,편도연,빵과자류,곡류,난류,,,,,,,,,,
알리오올리오,편도연,국수류,채소류,면류,곡류,,,,,,,,,
볶음쌀국수,편도연,국수류,곡류,면류,채소류,,,,,,,,,
쑥갓겉절이,편도연,김치류,채소류,,,,,,,,,,,
신김치도토리묵,편도연,무침류,김치류,묵류,,,,,,,,,,
부들어묵볶음,편도연,볶음류,어패류,,,,,,,,,,,
훈제오리,편도연,구이류,육류,,,,,오리,,,,,,
고사리들깨볶음,편도연,볶음류,채소류,곡류,,,,,,,,,,
야채볶음밥,편도연,밥류,채소류,곡류,,,,,,,,,,
단무지양념무침,편도연,무침류,채소류,양념 및 장류,,,,,,,,,,
세발나물,편도연,무침류,채소류,,,,,,,,,,,
고구마죽,편도연,죽류,채소류,,,,,,,,,,,
해물굴소스볶음밥,편도연,밥류,어패류,채소류,곡류,,,,,,,,,
매운소고기무국,편도연,국탕류,육류,채소류,,,,소,,,,,,
미나리전,편도연,전류,채소류,,,,,,,,,,,
브로컬리맛살볶음,편도연,볶음류,채소류,어패류,,,,,,,,,,
에그맥모닝,편도연,빵과자류,난류,곡류,,,,,,,,,,
홍게살죽,편도연,죽류,어패류,곡류,,,,,,,,,,
느타리버섯장조림,편도연,조림류,채소류,,,,,,,,,,,
가지탕수,편도연,튀김류,채소류,난류,곡류,,,,,,,,,
두부오꼬노미야끼,편도연,전류,두류,곡류,난류,,,,,,,,,
과일탕수육,편도연,튀김류,육류,과일류,,,,돼지,,,,,,
찐감자,편도연,찜류,채소류,,,,,,,,,,,
돈가스또띠아,편도연,빵과자류,육류,채소류,곡류,난류,,돼지,,,,,,
야채모닝샌드,편도연,빵과자류,채소류,곡류,난류,,,,,,,,,
멸치마늘종조림,편도연,조림류,어패류,채소류,,,,,,,,,,
마늘빵,편도연,빵과자류,채소류,난류,곡류,,,,,,,,,
쇠고기꽈리고추장조림,편도연,조림류,육류,채소류,양념 및 장류,,,소,,,,,,
쫄면채소무침,편도연,무침류,면류,채소류,,,,,,,,,,
석박지,편도연,김치류,채소류,,,,,,,,,,,
훈제오리불고기,편도연,볶음류,육류,,,,,오리,,,,,,
전주식콩나물국해장국,편도연,국탕류,채소류,,,,,,,,,,,